id,category,difficulty,question,choice1,choice2,choice3,choice4,answer,explanation,era,tags,source
gpq_00001,歴代王者・記録,2,1950年のF1ドライバーズチャンピオンは誰？,ジュゼッペ・ファリーナ,ロニー・ピーターソン,カルロス・サインツ,フェルナンド・アロンソ,0,1950年のドライバーズチャンピオンはジュゼッペ・ファリーナです。,1950s,champion|driver,Formula 1公式 Results Archive
gpq_00002,歴代王者・記録,2,1951年のF1ドライバーズチャンピオンは誰？,ケビン・マグヌッセン,角田裕毅,ネルソン・ピケ,ファン・マヌエル・ファンジオ,3,1951年のドライバーズチャンピオンはファン・マヌエル・ファンジオです。,1950s,champion|driver,Formula 1公式 Results Archive
gpq_00003,歴代王者・記録,2,1952年のF1ドライバーズチャンピオンは誰？,ガブリエル・ボルトレト,ジェームス・ハント,アルベルト・アスカリ,アレクサンダー・アルボン,2,1952年のドライバーズチャンピオンはアルベルト・アスカリです。,1950s,champion|driver,Formula 1公式 Results Archive
gpq_00004,歴代王者・記録,2,1953年のF1ドライバーズチャンピオンは誰？,ジョディー・シェクター,スターリング・モス,ガブリエル・ボルトレト,アルベルト・アスカリ,3,1953年のドライバーズチャンピオンはアルベルト・アスカリです。,1950s,champion|driver,Formula 1公式 Results Archive
gpq_00005,歴代王者・記録,2,1954年のF1ドライバーズチャンピオンは誰？,キミ・アントネッリ,セバスチャン・ベッテル,フェルナンド・アロンソ,ファン・マヌエル・ファンジオ,3,1954年のドライバーズチャンピオンはファン・マヌエル・ファンジオです。,1950s,champion|driver,Formula 1公式 Results Archive
gpq_00006,歴代王者・記録,2,1955年のF1ドライバーズチャンピオンは誰？,グラハム・ヒル,ジュゼッペ・ファリーナ,ミハエル・シューマッハ,ファン・マヌエル・ファンジオ,3,1955年のドライバーズチャンピオンはファン・マヌエル・ファンジオです。,1950s,champion|driver,Formula 1公式 Results Archive
gpq_00007,歴代王者・記録,2,1956年のF1ドライバーズチャンピオンは誰？,ジョン・サーティース,ジェームス・ハント,オリバー・ベアマン,ファン・マヌエル・ファンジオ,3,1956年のドライバーズチャンピオンはファン・マヌエル・ファンジオです。,1950s,champion|driver,Formula 1公式 Results Archive
gpq_00008,歴代王者・記録,2,1957年のF1ドライバーズチャンピオンは誰？,ファン・マヌエル・ファンジオ,ケケ・ロズベルグ,スターリング・モス,ヨッヘン・リント,0,1957年のドライバーズチャンピオンはファン・マヌエル・ファンジオです。,1950s,champion|driver,Formula 1公式 Results Archive
gpq_00009,歴代王者・記録,2,1958年のF1ドライバーズチャンピオンは誰？,ミハエル・シューマッハ,マイク・ホーソーン,ニキ・ラウダ,マックス・フェルスタッペン,1,1958年のドライバーズチャンピオンはマイク・ホーソーンです。,1950s,champion|driver,Formula 1公式 Results Archive
gpq_00010,歴代王者・記録,2,1959年のF1ドライバーズチャンピオンは誰？,ジャック・ブラバム,ジョディー・シェクター,ルイス・ハミルトン,セバスチャン・ベッテル,0,1959年のドライバーズチャンピオンはジャック・ブラバムです。,1950s,champion|driver,Formula 1公式 Results Archive
gpq_00011,歴代王者・記録,2,1960年のF1ドライバーズチャンピオンは誰？,ケビン・マグヌッセン,ジャック・ブラバム,ヨッヘン・リント,デイモン・ヒル,1,1960年のドライバーズチャンピオンはジャック・ブラバムです。,1960s,champion|driver,Formula 1公式 Results Archive
gpq_00012,歴代王者・記録,2,1961年のF1ドライバーズチャンピオンは誰？,フィル・ヒル,アルベルト・アスカリ,ファン・マヌエル・ファンジオ,周冠宇,0,1961年のドライバーズチャンピオンはフィル・ヒルです。,1960s,champion|driver,Formula 1公式 Results Archive
gpq_00013,歴代王者・記録,2,1962年のF1ドライバーズチャンピオンは誰？,グラハム・ヒル,キミ・アントネッリ,ランス・ストロール,デニス・ハルム,0,1962年のドライバーズチャンピオンはグラハム・ヒルです。,1960s,champion|driver,Formula 1公式 Results Archive
gpq_00014,歴代王者・記録,2,1963年のF1ドライバーズチャンピオンは誰？,ジム・クラーク,ルイス・ハミルトン,セルジオ・ペレス,オリバー・ベアマン,0,1963年のドライバーズチャンピオンはジム・クラークです。,1960s,champion|driver,Formula 1公式 Results Archive
gpq_00015,歴代王者・記録,2,1964年のF1ドライバーズチャンピオンは誰？,マリオ・アンドレッティ,ジョン・サーティース,ローガン・サージェント,カルロス・サインツ,1,1964年のドライバーズチャンピオンはジョン・サーティースです。,1960s,champion|driver,Formula 1公式 Results Archive
gpq_00016,歴代王者・記録,2,1965年のF1ドライバーズチャンピオンは誰？,ジム・クラーク,アラン・ジョーンズ,ランス・ストロール,マックス・フェルスタッペン,0,1965年のドライバーズチャンピオンはジム・クラークです。,1960s,champion|driver,Formula 1公式 Results Archive
gpq_00017,歴代王者・記録,2,1966年のF1ドライバーズチャンピオンは誰？,ジャック・ヴィルヌーヴ,スターリング・モス,ロニー・ピーターソン,ジャック・ブラバム,3,1966年のドライバーズチャンピオンはジャック・ブラバムです。,1960s,champion|driver,Formula 1公式 Results Archive
gpq_00018,歴代王者・記録,2,1967年のF1ドライバーズチャンピオンは誰？,デニス・ハルム,ジャック・ブラバム,リアム・ローソン,ジュゼッペ・ファリーナ,0,1967年のドライバーズチャンピオンはデニス・ハルムです。,1960s,champion|driver,Formula 1公式 Results Archive
gpq_00019,歴代王者・記録,2,1968年のF1ドライバーズチャンピオンは誰？,ジョディー・シェクター,グラハム・ヒル,ダニエル・リカルド,ヨッヘン・リント,1,1968年のドライバーズチャンピオンはグラハム・ヒルです。,1960s,champion|driver,Formula 1公式 Results Archive
gpq_00020,歴代王者・記録,2,1969年のF1ドライバーズチャンピオンは誰？,ミカ・ハッキネン,ジャッキー・スチュワート,アイザック・ハジャー,ヨッヘン・リント,1,1969年のドライバーズチャンピオンはジャッキー・スチュワートです。,1960s,champion|driver,Formula 1公式 Results Archive
gpq_00021,歴代王者・記録,2,1970年のF1ドライバーズチャンピオンは誰？,アラン・ジョーンズ,ヨッヘン・リント,フランコ・コラピント,バルテリ・ボッタス,1,1970年のドライバーズチャンピオンはヨッヘン・リントです。,1970s,champion|driver,Formula 1公式 Results Archive
gpq_00022,歴代王者・記録,2,1971年のF1ドライバーズチャンピオンは誰？,ニコ・ヒュルケンベルグ,ジャッキー・スチュワート,マイク・ホーソーン,アラン・ジョーンズ,1,1971年のドライバーズチャンピオンはジャッキー・スチュワートです。,1970s,champion|driver,Formula 1公式 Results Archive
gpq_00023,歴代王者・記録,2,1972年のF1ドライバーズチャンピオンは誰？,エマーソン・フィッティパルディ,ファン・マヌエル・ファンジオ,ランス・ストロール,ジュゼッペ・ファリーナ,0,1972年のドライバーズチャンピオンはエマーソン・フィッティパルディです。,1970s,champion|driver,Formula 1公式 Results Archive
gpq_00024,歴代王者・記録,2,1973年のF1ドライバーズチャンピオンは誰？,ジャッキー・スチュワート,ランド・ノリス,キミ・アントネッリ,エステバン・オコン,0,1973年のドライバーズチャンピオンはジャッキー・スチュワートです。,1970s,champion|driver,Formula 1公式 Results Archive
gpq_00025,歴代王者・記録,2,1974年のF1ドライバーズチャンピオンは誰？,マリオ・アンドレッティ,ミカ・ハッキネン,エマーソン・フィッティパルディ,ケビン・マグヌッセン,2,1974年のドライバーズチャンピオンはエマーソン・フィッティパルディです。,1970s,champion|driver,Formula 1公式 Results Archive
gpq_00026,歴代王者・記録,2,1975年のF1ドライバーズチャンピオンは誰？,ニキ・ラウダ,ルイス・ハミルトン,ロニー・ピーターソン,ランス・ストロール,0,1975年のドライバーズチャンピオンはニキ・ラウダです。,1970s,champion|driver,Formula 1公式 Results Archive
gpq_00027,歴代王者・記録,2,1976年のF1ドライバーズチャンピオンは誰？,リアム・ローソン,ガブリエル・ボルトレト,アレクサンダー・アルボン,ジェームス・ハント,3,1976年のドライバーズチャンピオンはジェームス・ハントです。,1970s,champion|driver,Formula 1公式 Results Archive
gpq_00028,歴代王者・記録,2,1977年のF1ドライバーズチャンピオンは誰？,ニキ・ラウダ,スターリング・モス,ジュゼッペ・ファリーナ,アラン・プロスト,0,1977年のドライバーズチャンピオンはニキ・ラウダです。,1970s,champion|driver,Formula 1公式 Results Archive
gpq_00029,歴代王者・記録,2,1978年のF1ドライバーズチャンピオンは誰？,マリオ・アンドレッティ,ジョディー・シェクター,角田裕毅,リアム・ローソン,0,1978年のドライバーズチャンピオンはマリオ・アンドレッティです。,1970s,champion|driver,Formula 1公式 Results Archive
gpq_00030,歴代王者・記録,2,1979年のF1ドライバーズチャンピオンは誰？,フランコ・コラピント,角田裕毅,ジョディー・シェクター,ニキ・ラウダ,2,1979年のドライバーズチャンピオンはジョディー・シェクターです。,1970s,champion|driver,Formula 1公式 Results Archive
gpq_00031,歴代王者・記録,2,1980年のF1ドライバーズチャンピオンは誰？,グラハム・ヒル,アラン・ジョーンズ,セルジオ・ペレス,ダニエル・リカルド,1,1980年のドライバーズチャンピオンはアラン・ジョーンズです。,1980s,champion|driver,Formula 1公式 Results Archive
gpq_00032,歴代王者・記録,2,1981年のF1ドライバーズチャンピオンは誰？,ガブリエル・ボルトレト,角田裕毅,ネルソン・ピケ,フィル・ヒル,2,1981年のドライバーズチャンピオンはネルソン・ピケです。,1980s,champion|driver,Formula 1公式 Results Archive
gpq_00033,歴代王者・記録,2,1982年のF1ドライバーズチャンピオンは誰？,ニコ・ロズベルグ,ジャック・ヴィルヌーヴ,ジム・クラーク,ケケ・ロズベルグ,3,1982年のドライバーズチャンピオンはケケ・ロズベルグです。,1980s,champion|driver,Formula 1公式 Results Archive
gpq_00034,歴代王者・記録,2,1983年のF1ドライバーズチャンピオンは誰？,ネルソン・ピケ,ジェームス・ハント,ジュゼッペ・ファリーナ,ジム・クラーク,0,1983年のドライバーズチャンピオンはネルソン・ピケです。,1980s,champion|driver,Formula 1公式 Results Archive
gpq_00035,歴代王者・記録,2,1984年のF1ドライバーズチャンピオンは誰？,ランド・ノリス,グラハム・ヒル,ミハエル・シューマッハ,ニキ・ラウダ,3,1984年のドライバーズチャンピオンはニキ・ラウダです。,1980s,champion|driver,Formula 1公式 Results Archive
gpq_00036,歴代王者・記録,2,1985年のF1ドライバーズチャンピオンは誰？,アラン・プロスト,ルイス・ハミルトン,ジョディー・シェクター,ランス・ストロール,0,1985年のドライバーズチャンピオンはアラン・プロストです。,1980s,champion|driver,Formula 1公式 Results Archive
gpq_00037,歴代王者・記録,2,1986年のF1ドライバーズチャンピオンは誰？,ランス・ストロール,シャルル・ルクレール,アラン・プロスト,ジョディー・シェクター,2,1986年のドライバーズチャンピオンはアラン・プロストです。,1980s,champion|driver,Formula 1公式 Results Archive
gpq_00038,歴代王者・記録,2,1987年のF1ドライバーズチャンピオンは誰？,角田裕毅,ネルソン・ピケ,ジャッキー・スチュワート,セルジオ・ペレス,1,1987年のドライバーズチャンピオンはネルソン・ピケです。,1980s,champion|driver,Formula 1公式 Results Archive
gpq_00039,歴代王者・記録,2,1988年のF1ドライバーズチャンピオンは誰？,エマーソン・フィッティパルディ,オスカー・ピアストリ,アイルトン・セナ,デニス・ハルム,2,1988年のドライバーズチャンピオンはアイルトン・セナです。,1980s,champion|driver,Formula 1公式 Results Archive
gpq_00040,歴代王者・記録,2,1989年のF1ドライバーズチャンピオンは誰？,カルロス・サインツ,ミハエル・シューマッハ,アラン・プロスト,セバスチャン・ベッテル,2,1989年のドライバーズチャンピオンはアラン・プロストです。,1980s,champion|driver,Formula 1公式 Results Archive
gpq_00041,歴代王者・記録,2,1990年のF1ドライバーズチャンピオンは誰？,周冠宇,バルテリ・ボッタス,アイザック・ハジャー,アイルトン・セナ,3,1990年のドライバーズチャンピオンはアイルトン・セナです。,1990s,champion|driver,Formula 1公式 Results Archive
gpq_00042,歴代王者・記録,2,1991年のF1ドライバーズチャンピオンは誰？,アイルトン・セナ,ダニエル・リカルド,ロニー・ピーターソン,ニコ・ヒュルケンベルグ,0,1991年のドライバーズチャンピオンはアイルトン・セナです。,1990s,champion|driver,Formula 1公式 Results Archive
gpq_00043,歴代王者・記録,2,1992年のF1ドライバーズチャンピオンは誰？,ケビン・マグヌッセン,ランド・ノリス,マックス・フェルスタッペン,ナイジェル・マンセル,3,1992年のドライバーズチャンピオンはナイジェル・マンセルです。,1990s,champion|driver,Formula 1公式 Results Archive
gpq_00044,歴代王者・記録,2,1993年のF1ドライバーズチャンピオンは誰？,アラン・プロスト,ミハエル・シューマッハ,ジュゼッペ・ファリーナ,セバスチャン・ベッテル,0,1993年のドライバーズチャンピオンはアラン・プロストです。,1990s,champion|driver,Formula 1公式 Results Archive
gpq_00045,歴代王者・記録,2,1994年のF1ドライバーズチャンピオンは誰？,ローガン・サージェント,ミハエル・シューマッハ,キミ・アントネッリ,ジョディー・シェクター,1,1994年のドライバーズチャンピオンはミハエル・シューマッハです。,1990s,champion|driver,Formula 1公式 Results Archive
gpq_00046,歴代王者・記録,2,1995年のF1ドライバーズチャンピオンは誰？,グラハム・ヒル,ガブリエル・ボルトレト,ミハエル・シューマッハ,フランコ・コラピント,2,1995年のドライバーズチャンピオンはミハエル・シューマッハです。,1990s,champion|driver,Formula 1公式 Results Archive
gpq_00047,歴代王者・記録,2,1996年のF1ドライバーズチャンピオンは誰？,デニス・ハルム,ジェームス・ハント,バルテリ・ボッタス,デイモン・ヒル,3,1996年のドライバーズチャンピオンはデイモン・ヒルです。,1990s,champion|driver,Formula 1公式 Results Archive
gpq_00048,歴代王者・記録,2,1997年のF1ドライバーズチャンピオンは誰？,ジャック・ヴィルヌーヴ,ダニエル・リカルド,ジェンソン・バトン,アイザック・ハジャー,0,1997年のドライバーズチャンピオンはジャック・ヴィルヌーヴです。,1990s,champion|driver,Formula 1公式 Results Archive
gpq_00049,歴代王者・記録,2,1998年のF1ドライバーズチャンピオンは誰？,ジャック・ブラバム,ジョージ・ラッセル,ミカ・ハッキネン,シャルル・ルクレール,2,1998年のドライバーズチャンピオンはミカ・ハッキネンです。,1990s,champion|driver,Formula 1公式 Results Archive
gpq_00050,歴代王者・記録,2,1999年のF1ドライバーズチャンピオンは誰？,ミカ・ハッキネン,デニス・ハルム,グラハム・ヒル,ナイジェル・マンセル,0,1999年のドライバーズチャンピオンはミカ・ハッキネンです。,1990s,champion|driver,Formula 1公式 Results Archive
gpq_00051,歴代王者・記録,1,2000年のF1ドライバーズチャンピオンは誰？,ニキ・ラウダ,ネルソン・ピケ,ミハエル・シューマッハ,ローガン・サージェント,2,2000年のドライバーズチャンピオンはミハエル・シューマッハです。,2000s,champion|driver,Formula 1公式 Results Archive
gpq_00052,歴代王者・記録,1,2001年のF1ドライバーズチャンピオンは誰？,ミハエル・シューマッハ,ルイス・ハミルトン,ジュゼッペ・ファリーナ,角田裕毅,0,2001年のドライバーズチャンピオンはミハエル・シューマッハです。,2000s,champion|driver,Formula 1公式 Results Archive
gpq_00053,歴代王者・記録,1,2002年のF1ドライバーズチャンピオンは誰？,フィル・ヒル,デニス・ハルム,フランコ・コラピント,ミハエル・シューマッハ,3,2002年のドライバーズチャンピオンはミハエル・シューマッハです。,2000s,champion|driver,Formula 1公式 Results Archive
gpq_00054,歴代王者・記録,1,2003年のF1ドライバーズチャンピオンは誰？,ミハエル・シューマッハ,ピエール・ガスリー,バルテリ・ボッタス,キミ・アントネッリ,0,2003年のドライバーズチャンピオンはミハエル・シューマッハです。,2000s,champion|driver,Formula 1公式 Results Archive
gpq_00055,歴代王者・記録,1,2004年のF1ドライバーズチャンピオンは誰？,ジャッキー・スチュワート,ミハエル・シューマッハ,デニス・ハルム,エマーソン・フィッティパルディ,1,2004年のドライバーズチャンピオンはミハエル・シューマッハです。,2000s,champion|driver,Formula 1公式 Results Archive
gpq_00056,歴代王者・記録,1,2005年のF1ドライバーズチャンピオンは誰？,フィル・ヒル,マックス・フェルスタッペン,ジョディー・シェクター,フェルナンド・アロンソ,3,2005年のドライバーズチャンピオンはフェルナンド・アロンソです。,2000s,champion|driver,Formula 1公式 Results Archive
gpq_00057,歴代王者・記録,1,2006年のF1ドライバーズチャンピオンは誰？,フェルナンド・アロンソ,ニコ・ヒュルケンベルグ,デニス・ハルム,ジョージ・ラッセル,0,2006年のドライバーズチャンピオンはフェルナンド・アロンソです。,2000s,champion|driver,Formula 1公式 Results Archive
gpq_00058,歴代王者・記録,1,2007年のF1ドライバーズチャンピオンは誰？,キミ・ライコネン,フィル・ヒル,ケビン・マグヌッセン,ミハエル・シューマッハ,0,2007年のドライバーズチャンピオンはキミ・ライコネンです。,2000s,champion|driver,Formula 1公式 Results Archive
gpq_00059,歴代王者・記録,1,2008年のF1ドライバーズチャンピオンは誰？,ロニー・ピーターソン,ジェンソン・バトン,ルイス・ハミルトン,カルロス・サインツ,2,2008年のドライバーズチャンピオンはルイス・ハミルトンです。,2000s,champion|driver,Formula 1公式 Results Archive
gpq_00060,歴代王者・記録,1,2009年のF1ドライバーズチャンピオンは誰？,ファン・マヌエル・ファンジオ,セルジオ・ペレス,ジャッキー・スチュワート,ジェンソン・バトン,3,2009年のドライバーズチャンピオンはジェンソン・バトンです。,2000s,champion|driver,Formula 1公式 Results Archive
gpq_00061,歴代王者・記録,1,2010年のF1ドライバーズチャンピオンは誰？,セバスチャン・ベッテル,ジェンソン・バトン,オスカー・ピアストリ,ケケ・ロズベルグ,0,2010年のドライバーズチャンピオンはセバスチャン・ベッテルです。,2010s,champion|driver,Formula 1公式 Results Archive
gpq_00062,歴代王者・記録,1,2011年のF1ドライバーズチャンピオンは誰？,ジェンソン・バトン,ジャック・ヴィルヌーヴ,セバスチャン・ベッテル,ジャッキー・スチュワート,2,2011年のドライバーズチャンピオンはセバスチャン・ベッテルです。,2010s,champion|driver,Formula 1公式 Results Archive
gpq_00063,歴代王者・記録,1,2012年のF1ドライバーズチャンピオンは誰？,アルベルト・アスカリ,アレクサンダー・アルボン,セバスチャン・ベッテル,エマーソン・フィッティパルディ,2,2012年のドライバーズチャンピオンはセバスチャン・ベッテルです。,2010s,champion|driver,Formula 1公式 Results Archive
gpq_00064,歴代王者・記録,1,2013年のF1ドライバーズチャンピオンは誰？,ヨッヘン・リント,セバスチャン・ベッテル,ケビン・マグヌッセン,ケケ・ロズベルグ,1,2013年のドライバーズチャンピオンはセバスチャン・ベッテルです。,2010s,champion|driver,Formula 1公式 Results Archive
gpq_00065,歴代王者・記録,1,2014年のF1ドライバーズチャンピオンは誰？,グラハム・ヒル,ローガン・サージェント,キミ・ライコネン,ルイス・ハミルトン,3,2014年のドライバーズチャンピオンはルイス・ハミルトンです。,2010s,champion|driver,Formula 1公式 Results Archive
gpq_00066,歴代王者・記録,1,2015年のF1ドライバーズチャンピオンは誰？,マックス・フェルスタッペン,ルイス・ハミルトン,フィル・ヒル,ジェンソン・バトン,1,2015年のドライバーズチャンピオンはルイス・ハミルトンです。,2010s,champion|driver,Formula 1公式 Results Archive
gpq_00067,歴代王者・記録,1,2016年のF1ドライバーズチャンピオンは誰？,ランス・ストロール,アラン・ジョーンズ,ジョン・サーティース,ニコ・ロズベルグ,3,2016年のドライバーズチャンピオンはニコ・ロズベルグです。,2010s,champion|driver,Formula 1公式 Results Archive
gpq_00068,歴代王者・記録,1,2017年のF1ドライバーズチャンピオンは誰？,セバスチャン・ベッテル,ルイス・ハミルトン,ニコ・ヒュルケンベルグ,ローガン・サージェント,1,2017年のドライバーズチャンピオンはルイス・ハミルトンです。,2010s,champion|driver,Formula 1公式 Results Archive
gpq_00069,歴代王者・記録,1,2018年のF1ドライバーズチャンピオンは誰？,角田裕毅,ナイジェル・マンセル,ルイス・ハミルトン,フィル・ヒル,2,2018年のドライバーズチャンピオンはルイス・ハミルトンです。,2010s,champion|driver,Formula 1公式 Results Archive
gpq_00070,歴代王者・記録,1,2019年のF1ドライバーズチャンピオンは誰？,マックス・フェルスタッペン,ジェンソン・バトン,スターリング・モス,ルイス・ハミルトン,3,2019年のドライバーズチャンピオンはルイス・ハミルトンです。,2010s,champion|driver,Formula 1公式 Results Archive
gpq_00071,歴代王者・記録,1,2020年のF1ドライバーズチャンピオンは誰？,ルイス・ハミルトン,アイルトン・セナ,デイモン・ヒル,キミ・ライコネン,0,2020年のドライバーズチャンピオンはルイス・ハミルトンです。,2020s,champion|driver,Formula 1公式 Results Archive
gpq_00072,歴代王者・記録,1,2021年のF1ドライバーズチャンピオンは誰？,リアム・ローソン,アレクサンダー・アルボン,ナイジェル・マンセル,マックス・フェルスタッペン,3,2021年のドライバーズチャンピオンはマックス・フェルスタッペンです。,2020s,champion|driver,Formula 1公式 Results Archive
gpq_00073,歴代王者・記録,1,2022年のF1ドライバーズチャンピオンは誰？,ローガン・サージェント,ファン・マヌエル・ファンジオ,エマーソン・フィッティパルディ,マックス・フェルスタッペン,3,2022年のドライバーズチャンピオンはマックス・フェルスタッペンです。,2020s,champion|driver,Formula 1公式 Results Archive
gpq_00074,歴代王者・記録,1,2023年のF1ドライバーズチャンピオンは誰？,アイルトン・セナ,ローガン・サージェント,マックス・フェルスタッペン,周冠宇,2,2023年のドライバーズチャンピオンはマックス・フェルスタッペンです。,2020s,champion|driver,Formula 1公式 Results Archive
gpq_00075,歴代王者・記録,1,2024年のF1ドライバーズチャンピオンは誰？,グラハム・ヒル,ランス・ストロール,マックス・フェルスタッペン,ジャック・ヴィルヌーヴ,2,2024年のドライバーズチャンピオンはマックス・フェルスタッペンです。,2020s,champion|driver,Formula 1公式 Results Archive
gpq_00076,歴代王者・記録,1,2025年のF1ドライバーズチャンピオンは誰？,アラン・プロスト,ランド・ノリス,デニス・ハルム,ジャック・ドゥーハン,1,2025年のドライバーズチャンピオンはランド・ノリスです。,2020s,champion|driver,Formula 1公式 Results Archive
gpq_00077,年代別,2,ジュゼッペ・ファリーナがF1ドライバーズチャンピオンになった年は？,1950年,1958年,2009年,2022年,0,ジュゼッペ・ファリーナは1950年にF1ドライバーズチャンピオンになっています。,1950s,champion|year,Formula 1公式 Results Archive
gpq_00078,年代別,2,ファン・マヌエル・ファンジオがF1ドライバーズチャンピオンになった年は？,2024年,1993年,1951年,1985年,2,ファン・マヌエル・ファンジオは1951年にF1ドライバーズチャンピオンになっています。,1950s,champion|year,Formula 1公式 Results Archive
gpq_00079,年代別,2,アルベルト・アスカリがF1ドライバーズチャンピオンになった年は？,1959年,2014年,2015年,1952年,3,アルベルト・アスカリは1952年にF1ドライバーズチャンピオンになっています。,1950s,champion|year,Formula 1公式 Results Archive
gpq_00080,年代別,2,マイク・ホーソーンがF1ドライバーズチャンピオンになった年は？,1958年,2022年,2010年,1984年,0,マイク・ホーソーンは1958年にF1ドライバーズチャンピオンになっています。,1950s,champion|year,Formula 1公式 Results Archive
gpq_00081,年代別,2,ジャック・ブラバムがF1ドライバーズチャンピオンになった年は？,2000年,1959年,2023年,1980年,1,ジャック・ブラバムは1959年にF1ドライバーズチャンピオンになっています。,1950s,champion|year,Formula 1公式 Results Archive
gpq_00082,年代別,2,グラハム・ヒルがF1ドライバーズチャンピオンになった年は？,1987年,2014年,1962年,1973年,2,グラハム・ヒルは1962年にF1ドライバーズチャンピオンになっています。,1960s,champion|year,Formula 1公式 Results Archive
gpq_00083,年代別,2,ジョン・サーティースがF1ドライバーズチャンピオンになった年は？,1964年,2001年,1995年,2019年,0,ジョン・サーティースは1964年にF1ドライバーズチャンピオンになっています。,1960s,champion|year,Formula 1公式 Results Archive
gpq_00084,年代別,2,ヨッヘン・リントがF1ドライバーズチャンピオンになった年は？,2020年,2017年,2025年,1970年,3,ヨッヘン・リントは1970年にF1ドライバーズチャンピオンになっています。,1970s,champion|year,Formula 1公式 Results Archive
gpq_00085,年代別,2,エマーソン・フィッティパルディがF1ドライバーズチャンピオンになった年は？,1972年,2010年,2009年,2011年,0,エマーソン・フィッティパルディは1972年にF1ドライバーズチャンピオンになっています。,1970s,champion|year,Formula 1公式 Results Archive
gpq_00086,年代別,2,ジェームス・ハントがF1ドライバーズチャンピオンになった年は？,1952年,1976年,1959年,1997年,1,ジェームス・ハントは1976年にF1ドライバーズチャンピオンになっています。,1970s,champion|year,Formula 1公式 Results Archive
gpq_00087,年代別,2,マリオ・アンドレッティがF1ドライバーズチャンピオンになった年は？,1953年,1978年,2015年,1981年,1,マリオ・アンドレッティは1978年にF1ドライバーズチャンピオンになっています。,1970s,champion|year,Formula 1公式 Results Archive
gpq_00088,年代別,2,アラン・ジョーンズがF1ドライバーズチャンピオンになった年は？,2000年,1965年,1980年,1969年,2,アラン・ジョーンズは1980年にF1ドライバーズチャンピオンになっています。,1980s,champion|year,Formula 1公式 Results Archive
gpq_00089,年代別,2,ケケ・ロズベルグがF1ドライバーズチャンピオンになった年は？,2014年,1979年,1982年,1978年,2,ケケ・ロズベルグは1982年にF1ドライバーズチャンピオンになっています。,1980s,champion|year,Formula 1公式 Results Archive
gpq_00090,年代別,2,ニキ・ラウダがF1ドライバーズチャンピオンになった年は？,1984年,1996年,2000年,1982年,0,ニキ・ラウダは1984年にF1ドライバーズチャンピオンになっています。,1980s,champion|year,Formula 1公式 Results Archive
gpq_00091,年代別,2,アラン・プロストがF1ドライバーズチャンピオンになった年は？,2008年,1986年,1956年,1959年,1,アラン・プロストは1986年にF1ドライバーズチャンピオンになっています。,1980s,champion|year,Formula 1公式 Results Archive
gpq_00092,年代別,2,アイルトン・セナがF1ドライバーズチャンピオンになった年は？,2001年,1988年,2025年,2018年,1,アイルトン・セナは1988年にF1ドライバーズチャンピオンになっています。,1980s,champion|year,Formula 1公式 Results Archive
gpq_00093,年代別,2,ナイジェル・マンセルがF1ドライバーズチャンピオンになった年は？,1998年,1992年,2006年,1974年,1,ナイジェル・マンセルは1992年にF1ドライバーズチャンピオンになっています。,1990s,champion|year,Formula 1公式 Results Archive
gpq_00094,年代別,2,ミハエル・シューマッハがF1ドライバーズチャンピオンになった年は？,1994年,1953年,1958年,1996年,0,ミハエル・シューマッハは1994年にF1ドライバーズチャンピオンになっています。,1990s,champion|year,Formula 1公式 Results Archive
gpq_00095,年代別,2,デイモン・ヒルがF1ドライバーズチャンピオンになった年は？,1996年,2020年,2019年,1954年,0,デイモン・ヒルは1996年にF1ドライバーズチャンピオンになっています。,1990s,champion|year,Formula 1公式 Results Archive
gpq_00096,年代別,2,ミカ・ハッキネンがF1ドライバーズチャンピオンになった年は？,1991年,2002年,1994年,1998年,3,ミカ・ハッキネンは1998年にF1ドライバーズチャンピオンになっています。,1990s,champion|year,Formula 1公式 Results Archive
gpq_00097,年代別,1,フェルナンド・アロンソがF1ドライバーズチャンピオンになった年は？,2006年,1968年,1961年,1993年,0,フェルナンド・アロンソは2006年にF1ドライバーズチャンピオンになっています。,2000s,champion|year,Formula 1公式 Results Archive
gpq_00098,年代別,1,ルイス・ハミルトンがF1ドライバーズチャンピオンになった年は？,1975年,2008年,1978年,1965年,1,ルイス・ハミルトンは2008年にF1ドライバーズチャンピオンになっています。,2000s,champion|year,Formula 1公式 Results Archive
gpq_00099,年代別,1,セバスチャン・ベッテルがF1ドライバーズチャンピオンになった年は？,1969年,2010年,1961年,1950年,1,セバスチャン・ベッテルは2010年にF1ドライバーズチャンピオンになっています。,2010s,champion|year,Formula 1公式 Results Archive
gpq_00100,年代別,1,ニコ・ロズベルグがF1ドライバーズチャンピオンになった年は？,2005年,2015年,2016年,2025年,2,ニコ・ロズベルグは2016年にF1ドライバーズチャンピオンになっています。,2010s,champion|year,Formula 1公式 Results Archive
gpq_00101,年代別,1,マックス・フェルスタッペンがF1ドライバーズチャンピオンになった年は？,1966年,1952年,2021年,2006年,2,マックス・フェルスタッペンは2021年にF1ドライバーズチャンピオンになっています。,2020s,champion|year,Formula 1公式 Results Archive
gpq_00102,年代別,1,ランド・ノリスがF1ドライバーズチャンピオンになった年は？,2025年,1973年,2009年,2004年,0,ランド・ノリスは2025年にF1ドライバーズチャンピオンになっています。,2020s,champion|year,Formula 1公式 Results Archive
gpq_00103,チーム・コンストラクター,2,1958年のF1コンストラクターズチャンピオンはどのチーム？,ヴァンウォール,ブラウンGP,ルノー,アストンマーティン,0,1958年のコンストラクターズチャンピオンはヴァンウォールです。,1950s,constructor|team,Formula 1公式 Results Archive
gpq_00104,チーム・コンストラクター,2,1959年のF1コンストラクターズチャンピオンはどのチーム？,BRM,マクラーレン,クーパー,ジョーダン,2,1959年のコンストラクターズチャンピオンはクーパーです。,1950s,constructor|team,Formula 1公式 Results Archive
gpq_00105,チーム・コンストラクター,2,1960年のF1コンストラクターズチャンピオンはどのチーム？,ブラバム,トヨタ,ハース,クーパー,3,1960年のコンストラクターズチャンピオンはクーパーです。,1960s,constructor|team,Formula 1公式 Results Archive
gpq_00106,チーム・コンストラクター,2,1961年のF1コンストラクターズチャンピオンはどのチーム？,ルノー,ジョーダン,フェラーリ,メルセデス,2,1961年のコンストラクターズチャンピオンはフェラーリです。,1960s,constructor|team,Formula 1公式 Results Archive
gpq_00107,チーム・コンストラクター,2,1962年のF1コンストラクターズチャンピオンはどのチーム？,フェラーリ,BRM,ホンダ,レッドブル,1,1962年のコンストラクターズチャンピオンはBRMです。,1960s,constructor|team,Formula 1公式 Results Archive
gpq_00108,チーム・コンストラクター,2,1963年のF1コンストラクターズチャンピオンはどのチーム？,ルノー,レッドブル・レーシング,ロータス,ヴァンウォール,2,1963年のコンストラクターズチャンピオンはロータスです。,1960s,constructor|team,Formula 1公式 Results Archive
gpq_00109,チーム・コンストラクター,2,1964年のF1コンストラクターズチャンピオンはどのチーム？,フェラーリ,BRM,レッドブル・レーシング,RB,0,1964年のコンストラクターズチャンピオンはフェラーリです。,1960s,constructor|team,Formula 1公式 Results Archive
gpq_00110,チーム・コンストラクター,2,1965年のF1コンストラクターズチャンピオンはどのチーム？,マトラ,トヨタ,レッドブル,ロータス,3,1965年のコンストラクターズチャンピオンはロータスです。,1960s,constructor|team,Formula 1公式 Results Archive
gpq_00111,チーム・コンストラクター,2,1966年のF1コンストラクターズチャンピオンはどのチーム？,レッドブル,ウィリアムズ,マトラ,ブラバム,3,1966年のコンストラクターズチャンピオンはブラバムです。,1960s,constructor|team,Formula 1公式 Results Archive
gpq_00112,チーム・コンストラクター,2,1967年のF1コンストラクターズチャンピオンはどのチーム？,レーシングブルズ,RB,フェラーリ,ブラバム,3,1967年のコンストラクターズチャンピオンはブラバムです。,1960s,constructor|team,Formula 1公式 Results Archive
gpq_00113,チーム・コンストラクター,2,1968年のF1コンストラクターズチャンピオンはどのチーム？,RB,ロータス,ウィリアムズ,BRM,1,1968年のコンストラクターズチャンピオンはロータスです。,1960s,constructor|team,Formula 1公式 Results Archive
gpq_00114,チーム・コンストラクター,2,1969年のF1コンストラクターズチャンピオンはどのチーム？,クーパー,レーシングブルズ,マトラ,ハース,2,1969年のコンストラクターズチャンピオンはマトラです。,1960s,constructor|team,Formula 1公式 Results Archive
gpq_00115,チーム・コンストラクター,2,1970年のF1コンストラクターズチャンピオンはどのチーム？,ブラウンGP,ベネトン,ロータス,マトラ,2,1970年のコンストラクターズチャンピオンはロータスです。,1970s,constructor|team,Formula 1公式 Results Archive
gpq_00116,チーム・コンストラクター,2,1971年のF1コンストラクターズチャンピオンはどのチーム？,BRM,ティレル,ホンダ,RB,1,1971年のコンストラクターズチャンピオンはティレルです。,1970s,constructor|team,Formula 1公式 Results Archive
gpq_00117,チーム・コンストラクター,2,1972年のF1コンストラクターズチャンピオンはどのチーム？,ロータス,キック・ザウバー,ティレル,アルピーヌ,0,1972年のコンストラクターズチャンピオンはロータスです。,1970s,constructor|team,Formula 1公式 Results Archive
gpq_00118,チーム・コンストラクター,2,1973年のF1コンストラクターズチャンピオンはどのチーム？,ロータス,キック・ザウバー,アストンマーティン,ベネトン,0,1973年のコンストラクターズチャンピオンはロータスです。,1970s,constructor|team,Formula 1公式 Results Archive
gpq_00119,チーム・コンストラクター,2,1974年のF1コンストラクターズチャンピオンはどのチーム？,マクラーレン,ヴァンウォール,ハース,アストンマーティン,0,1974年のコンストラクターズチャンピオンはマクラーレンです。,1970s,constructor|team,Formula 1公式 Results Archive
gpq_00120,チーム・コンストラクター,2,1975年のF1コンストラクターズチャンピオンはどのチーム？,BRM,レッドブル・レーシング,ブラバム,フェラーリ,3,1975年のコンストラクターズチャンピオンはフェラーリです。,1970s,constructor|team,Formula 1公式 Results Archive
gpq_00121,チーム・コンストラクター,2,1976年のF1コンストラクターズチャンピオンはどのチーム？,ティレル,ウィリアムズ,フェラーリ,アルピーヌ,2,1976年のコンストラクターズチャンピオンはフェラーリです。,1970s,constructor|team,Formula 1公式 Results Archive
gpq_00122,チーム・コンストラクター,2,1977年のF1コンストラクターズチャンピオンはどのチーム？,ヴァンウォール,ホンダ,ジョーダン,フェラーリ,3,1977年のコンストラクターズチャンピオンはフェラーリです。,1970s,constructor|team,Formula 1公式 Results Archive
gpq_00123,チーム・コンストラクター,2,1978年のF1コンストラクターズチャンピオンはどのチーム？,RB,ロータス,ウィリアムズ,レッドブル,1,1978年のコンストラクターズチャンピオンはロータスです。,1970s,constructor|team,Formula 1公式 Results Archive
gpq_00124,チーム・コンストラクター,2,1979年のF1コンストラクターズチャンピオンはどのチーム？,ブラウンGP,レッドブル,ウィリアムズ,フェラーリ,3,1979年のコンストラクターズチャンピオンはフェラーリです。,1970s,constructor|team,Formula 1公式 Results Archive
gpq_00125,チーム・コンストラクター,2,1980年のF1コンストラクターズチャンピオンはどのチーム？,ハース,ヴァンウォール,マクラーレン,ウィリアムズ,3,1980年のコンストラクターズチャンピオンはウィリアムズです。,1980s,constructor|team,Formula 1公式 Results Archive
gpq_00126,チーム・コンストラクター,2,1981年のF1コンストラクターズチャンピオンはどのチーム？,レーシングブルズ,ウィリアムズ,ティレル,ジョーダン,1,1981年のコンストラクターズチャンピオンはウィリアムズです。,1980s,constructor|team,Formula 1公式 Results Archive
gpq_00127,チーム・コンストラクター,2,1982年のF1コンストラクターズチャンピオンはどのチーム？,フェラーリ,ウィリアムズ,ベネトン,BRM,0,1982年のコンストラクターズチャンピオンはフェラーリです。,1980s,constructor|team,Formula 1公式 Results Archive
gpq_00128,チーム・コンストラクター,2,1983年のF1コンストラクターズチャンピオンはどのチーム？,マクラーレン,ヴァンウォール,ルノー,フェラーリ,3,1983年のコンストラクターズチャンピオンはフェラーリです。,1980s,constructor|team,Formula 1公式 Results Archive
gpq_00129,チーム・コンストラクター,2,1984年のF1コンストラクターズチャンピオンはどのチーム？,レッドブル・レーシング,マクラーレン,クーパー,フェラーリ,1,1984年のコンストラクターズチャンピオンはマクラーレンです。,1980s,constructor|team,Formula 1公式 Results Archive
gpq_00130,チーム・コンストラクター,2,1985年のF1コンストラクターズチャンピオンはどのチーム？,マクラーレン,ベネトン,ハース,アルピーヌ,0,1985年のコンストラクターズチャンピオンはマクラーレンです。,1980s,constructor|team,Formula 1公式 Results Archive
gpq_00131,チーム・コンストラクター,2,1986年のF1コンストラクターズチャンピオンはどのチーム？,キック・ザウバー,ウィリアムズ,ハース,ホンダ,1,1986年のコンストラクターズチャンピオンはウィリアムズです。,1980s,constructor|team,Formula 1公式 Results Archive
gpq_00132,チーム・コンストラクター,2,1987年のF1コンストラクターズチャンピオンはどのチーム？,ベネトン,ロータス,ウィリアムズ,ハース,2,1987年のコンストラクターズチャンピオンはウィリアムズです。,1980s,constructor|team,Formula 1公式 Results Archive
gpq_00133,チーム・コンストラクター,2,1988年のF1コンストラクターズチャンピオンはどのチーム？,ホンダ,レッドブル・レーシング,クーパー,マクラーレン,3,1988年のコンストラクターズチャンピオンはマクラーレンです。,1980s,constructor|team,Formula 1公式 Results Archive
gpq_00134,チーム・コンストラクター,2,1989年のF1コンストラクターズチャンピオンはどのチーム？,ルノー,フェラーリ,マクラーレン,ハース,2,1989年のコンストラクターズチャンピオンはマクラーレンです。,1980s,constructor|team,Formula 1公式 Results Archive
gpq_00135,チーム・コンストラクター,2,1990年のF1コンストラクターズチャンピオンはどのチーム？,アストンマーティン,レッドブル,マクラーレン,クーパー,2,1990年のコンストラクターズチャンピオンはマクラーレンです。,1990s,constructor|team,Formula 1公式 Results Archive
gpq_00136,チーム・コンストラクター,2,1991年のF1コンストラクターズチャンピオンはどのチーム？,ハース,RB,ホンダ,マクラーレン,3,1991年のコンストラクターズチャンピオンはマクラーレンです。,1990s,constructor|team,Formula 1公式 Results Archive
gpq_00137,チーム・コンストラクター,2,1992年のF1コンストラクターズチャンピオンはどのチーム？,ベネトン,レッドブル・レーシング,アルピーヌ,ウィリアムズ,3,1992年のコンストラクターズチャンピオンはウィリアムズです。,1990s,constructor|team,Formula 1公式 Results Archive
gpq_00138,チーム・コンストラクター,2,1993年のF1コンストラクターズチャンピオンはどのチーム？,ウィリアムズ,ホンダ,ブラウンGP,アルピーヌ,0,1993年のコンストラクターズチャンピオンはウィリアムズです。,1990s,constructor|team,Formula 1公式 Results Archive
gpq_00139,チーム・コンストラクター,2,1994年のF1コンストラクターズチャンピオンはどのチーム？,メルセデス,BRM,レーシングブルズ,ウィリアムズ,3,1994年のコンストラクターズチャンピオンはウィリアムズです。,1990s,constructor|team,Formula 1公式 Results Archive
gpq_00140,チーム・コンストラクター,2,1995年のF1コンストラクターズチャンピオンはどのチーム？,メルセデス,マクラーレン,トヨタ,ベネトン,3,1995年のコンストラクターズチャンピオンはベネトンです。,1990s,constructor|team,Formula 1公式 Results Archive
gpq_00141,チーム・コンストラクター,2,1996年のF1コンストラクターズチャンピオンはどのチーム？,ウィリアムズ,ホンダ,マトラ,トヨタ,0,1996年のコンストラクターズチャンピオンはウィリアムズです。,1990s,constructor|team,Formula 1公式 Results Archive
gpq_00142,チーム・コンストラクター,2,1997年のF1コンストラクターズチャンピオンはどのチーム？,ウィリアムズ,メルセデス,クーパー,レッドブル,0,1997年のコンストラクターズチャンピオンはウィリアムズです。,1990s,constructor|team,Formula 1公式 Results Archive
gpq_00143,チーム・コンストラクター,2,1998年のF1コンストラクターズチャンピオンはどのチーム？,レッドブル・レーシング,ベネトン,フェラーリ,マクラーレン,3,1998年のコンストラクターズチャンピオンはマクラーレンです。,1990s,constructor|team,Formula 1公式 Results Archive
gpq_00144,チーム・コンストラクター,2,1999年のF1コンストラクターズチャンピオンはどのチーム？,マトラ,レッドブル・レーシング,フェラーリ,ロータス,2,1999年のコンストラクターズチャンピオンはフェラーリです。,1990s,constructor|team,Formula 1公式 Results Archive
gpq_00145,チーム・コンストラクター,1,2000年のF1コンストラクターズチャンピオンはどのチーム？,ブラウンGP,トヨタ,フェラーリ,アルピーヌ,2,2000年のコンストラクターズチャンピオンはフェラーリです。,2000s,constructor|team,Formula 1公式 Results Archive
gpq_00146,チーム・コンストラクター,1,2001年のF1コンストラクターズチャンピオンはどのチーム？,RB,レーシングブルズ,フェラーリ,BRM,2,2001年のコンストラクターズチャンピオンはフェラーリです。,2000s,constructor|team,Formula 1公式 Results Archive
gpq_00147,チーム・コンストラクター,1,2002年のF1コンストラクターズチャンピオンはどのチーム？,ヴァンウォール,キック・ザウバー,フェラーリ,メルセデス,2,2002年のコンストラクターズチャンピオンはフェラーリです。,2000s,constructor|team,Formula 1公式 Results Archive
gpq_00148,チーム・コンストラクター,1,2003年のF1コンストラクターズチャンピオンはどのチーム？,ティレル,ハース,フェラーリ,クーパー,2,2003年のコンストラクターズチャンピオンはフェラーリです。,2000s,constructor|team,Formula 1公式 Results Archive
gpq_00149,チーム・コンストラクター,1,2004年のF1コンストラクターズチャンピオンはどのチーム？,ヴァンウォール,トヨタ,ベネトン,フェラーリ,3,2004年のコンストラクターズチャンピオンはフェラーリです。,2000s,constructor|team,Formula 1公式 Results Archive
gpq_00150,チーム・コンストラクター,1,2005年のF1コンストラクターズチャンピオンはどのチーム？,レッドブル,ルノー,キック・ザウバー,ホンダ,1,2005年のコンストラクターズチャンピオンはルノーです。,2000s,constructor|team,Formula 1公式 Results Archive
gpq_00151,チーム・コンストラクター,1,2006年のF1コンストラクターズチャンピオンはどのチーム？,ルノー,レッドブル,トヨタ,ベネトン,0,2006年のコンストラクターズチャンピオンはルノーです。,2000s,constructor|team,Formula 1公式 Results Archive
gpq_00152,チーム・コンストラクター,1,2007年のF1コンストラクターズチャンピオンはどのチーム？,アルピーヌ,フェラーリ,ヴァンウォール,マクラーレン,1,2007年のコンストラクターズチャンピオンはフェラーリです。,2000s,constructor|team,Formula 1公式 Results Archive
gpq_00153,チーム・コンストラクター,1,2008年のF1コンストラクターズチャンピオンはどのチーム？,マクラーレン,フェラーリ,トヨタ,ベネトン,1,2008年のコンストラクターズチャンピオンはフェラーリです。,2000s,constructor|team,Formula 1公式 Results Archive
gpq_00154,チーム・コンストラクター,1,2009年のF1コンストラクターズチャンピオンはどのチーム？,トヨタ,BRM,ブラウンGP,メルセデス,2,2009年のコンストラクターズチャンピオンはブラウンGPです。,2000s,constructor|team,Formula 1公式 Results Archive
gpq_00155,チーム・コンストラクター,1,2010年のF1コンストラクターズチャンピオンはどのチーム？,RB,マトラ,レッドブル・レーシング,レッドブル,2,2010年のコンストラクターズチャンピオンはレッドブル・レーシングです。,2010s,constructor|team,Formula 1公式 Results Archive
gpq_00156,チーム・コンストラクター,1,2011年のF1コンストラクターズチャンピオンはどのチーム？,クーパー,レッドブル・レーシング,マクラーレン,トヨタ,1,2011年のコンストラクターズチャンピオンはレッドブル・レーシングです。,2010s,constructor|team,Formula 1公式 Results Archive
gpq_00157,チーム・コンストラクター,1,2012年のF1コンストラクターズチャンピオンはどのチーム？,レッドブル・レーシング,アストンマーティン,ブラバム,BRM,0,2012年のコンストラクターズチャンピオンはレッドブル・レーシングです。,2010s,constructor|team,Formula 1公式 Results Archive
gpq_00158,チーム・コンストラクター,1,2013年のF1コンストラクターズチャンピオンはどのチーム？,レッドブル,レッドブル・レーシング,ホンダ,BRM,1,2013年のコンストラクターズチャンピオンはレッドブル・レーシングです。,2010s,constructor|team,Formula 1公式 Results Archive
gpq_00159,チーム・コンストラクター,1,2014年のF1コンストラクターズチャンピオンはどのチーム？,ブラバム,RB,マクラーレン,メルセデス,3,2014年のコンストラクターズチャンピオンはメルセデスです。,2010s,constructor|team,Formula 1公式 Results Archive
gpq_00160,チーム・コンストラクター,1,2015年のF1コンストラクターズチャンピオンはどのチーム？,ルノー,レーシングブルズ,ホンダ,メルセデス,3,2015年のコンストラクターズチャンピオンはメルセデスです。,2010s,constructor|team,Formula 1公式 Results Archive
gpq_00161,チーム・コンストラクター,1,2016年のF1コンストラクターズチャンピオンはどのチーム？,メルセデス,RB,レッドブル・レーシング,マトラ,0,2016年のコンストラクターズチャンピオンはメルセデスです。,2010s,constructor|team,Formula 1公式 Results Archive
gpq_00162,チーム・コンストラクター,1,2017年のF1コンストラクターズチャンピオンはどのチーム？,ホンダ,フェラーリ,レッドブル・レーシング,メルセデス,3,2017年のコンストラクターズチャンピオンはメルセデスです。,2010s,constructor|team,Formula 1公式 Results Archive
gpq_00163,チーム・コンストラクター,1,2018年のF1コンストラクターズチャンピオンはどのチーム？,メルセデス,レッドブル,ホンダ,クーパー,0,2018年のコンストラクターズチャンピオンはメルセデスです。,2010s,constructor|team,Formula 1公式 Results Archive
gpq_00164,チーム・コンストラクター,1,2019年のF1コンストラクターズチャンピオンはどのチーム？,メルセデス,トヨタ,レーシングブルズ,ロータス,0,2019年のコンストラクターズチャンピオンはメルセデスです。,2010s,constructor|team,Formula 1公式 Results Archive
gpq_00165,チーム・コンストラクター,1,2020年のF1コンストラクターズチャンピオンはどのチーム？,ブラバム,キック・ザウバー,メルセデス,ルノー,2,2020年のコンストラクターズチャンピオンはメルセデスです。,2020s,constructor|team,Formula 1公式 Results Archive
gpq_00166,チーム・コンストラクター,1,2021年のF1コンストラクターズチャンピオンはどのチーム？,アストンマーティン,メルセデス,ティレル,ロータス,1,2021年のコンストラクターズチャンピオンはメルセデスです。,2020s,constructor|team,Formula 1公式 Results Archive
gpq_00167,チーム・コンストラクター,1,2022年のF1コンストラクターズチャンピオンはどのチーム？,アルピーヌ,ベネトン,トヨタ,レッドブル・レーシング,3,2022年のコンストラクターズチャンピオンはレッドブル・レーシングです。,2020s,constructor|team,Formula 1公式 Results Archive
gpq_00168,チーム・コンストラクター,1,2023年のF1コンストラクターズチャンピオンはどのチーム？,マクラーレン,RB,レッドブル・レーシング,マトラ,2,2023年のコンストラクターズチャンピオンはレッドブル・レーシングです。,2020s,constructor|team,Formula 1公式 Results Archive
gpq_00169,チーム・コンストラクター,1,2024年のF1コンストラクターズチャンピオンはどのチーム？,ヴァンウォール,ロータス,マクラーレン,ホンダ,2,2024年のコンストラクターズチャンピオンはマクラーレンです。,2020s,constructor|team,Formula 1公式 Results Archive
gpq_00170,チーム・コンストラクター,1,2025年のF1コンストラクターズチャンピオンはどのチーム？,マクラーレン,メルセデス,ジョーダン,RB,0,2025年のコンストラクターズチャンピオンはマクラーレンです。,2020s,constructor|team,Formula 1公式 Results Archive
gpq_00171,チーム・コンストラクター,2,ヴァンウォールがコンストラクターズチャンピオンになった年として正しいものは？,1978年,1958年,1977年,2021年,1,ヴァンウォールは1958年にコンストラクターズチャンピオンになっています。,1950s,constructor|year,Formula 1公式 Results Archive
gpq_00172,チーム・コンストラクター,2,フェラーリがコンストラクターズチャンピオンになった年として正しいものは？,2017年,1965年,1961年,1972年,2,フェラーリは1961年にコンストラクターズチャンピオンになっています。,1960s,constructor|year,Formula 1公式 Results Archive
gpq_00173,チーム・コンストラクター,2,BRMがコンストラクターズチャンピオンになった年として正しいものは？,1972年,2012年,1962年,2020年,2,BRMは1962年にコンストラクターズチャンピオンになっています。,1960s,constructor|year,Formula 1公式 Results Archive
gpq_00174,チーム・コンストラクター,2,マトラがコンストラクターズチャンピオンになった年として正しいものは？,1960年,1969年,2025年,1980年,1,マトラは1969年にコンストラクターズチャンピオンになっています。,1960s,constructor|year,Formula 1公式 Results Archive
gpq_00175,チーム・コンストラクター,2,ティレルがコンストラクターズチャンピオンになった年として正しいものは？,1981年,1971年,1968年,2023年,1,ティレルは1971年にコンストラクターズチャンピオンになっています。,1970s,constructor|year,Formula 1公式 Results Archive
gpq_00176,チーム・コンストラクター,2,マクラーレンがコンストラクターズチャンピオンになった年として正しいものは？,2012年,1974年,1999年,2018年,1,マクラーレンは1974年にコンストラクターズチャンピオンになっています。,1970s,constructor|year,Formula 1公式 Results Archive
gpq_00177,チーム・コンストラクター,2,ウィリアムズがコンストラクターズチャンピオンになった年として正しいものは？,2016年,2025年,1978年,1980年,3,ウィリアムズは1980年にコンストラクターズチャンピオンになっています。,1980s,constructor|year,Formula 1公式 Results Archive
gpq_00178,チーム・コンストラクター,2,ベネトンがコンストラクターズチャンピオンになった年として正しいものは？,1995年,1975年,2013年,2024年,0,ベネトンは1995年にコンストラクターズチャンピオンになっています。,1990s,constructor|year,Formula 1公式 Results Archive
gpq_00179,チーム・コンストラクター,2,ルノーがコンストラクターズチャンピオンになった年として正しいものは？,1972年,2005年,2012年,1982年,1,ルノーは2005年にコンストラクターズチャンピオンになっています。,2000s,constructor|year,Formula 1公式 Results Archive
gpq_00180,チーム・コンストラクター,2,ブラウンGPがコンストラクターズチャンピオンになった年として正しいものは？,2009年,1980年,2015年,1965年,0,ブラウンGPは2009年にコンストラクターズチャンピオンになっています。,2000s,constructor|year,Formula 1公式 Results Archive
gpq_00181,チーム・コンストラクター,2,レッドブル・レーシングがコンストラクターズチャンピオンになった年として正しいものは？,1963年,1974年,1987年,2010年,3,レッドブル・レーシングは2010年にコンストラクターズチャンピオンになっています。,2010s,constructor|year,Formula 1公式 Results Archive
gpq_00182,チーム・コンストラクター,2,メルセデスがコンストラクターズチャンピオンになった年として正しいものは？,1987年,1960年,2014年,1991年,2,メルセデスは2014年にコンストラクターズチャンピオンになっています。,2010s,constructor|year,Formula 1公式 Results Archive
gpq_00183,最新シーズン,1,2025年ドライバーズランキング1位は誰？,ランド・ノリス,フランコ・コラピント,ルイス・ハミルトン,ニコ・ヒュルケンベルグ,0,2025年のドライバーズランキング1位はランド・ノリス（マクラーレン）です。,2020s,2025|standings,Formula 1公式 Results Archive
gpq_00184,最新シーズン,2,2025年にランド・ノリスが所属していたチームは？,レッドブル,マクラーレン,ティレル,マトラ,1,2025年の公式ランキングではランド・ノリスはマクラーレン所属として登録されています。,2020s,2025|driver|team,Formula 1公式 Results Archive
gpq_00185,最新シーズン,1,2025年ドライバーズランキング2位は誰？,ニコ・ヒュルケンベルグ,ジャック・ドゥーハン,シャルル・ルクレール,マックス・フェルスタッペン,3,2025年のドライバーズランキング2位はマックス・フェルスタッペン（レッドブル・レーシング）です。,2020s,2025|standings,Formula 1公式 Results Archive
gpq_00186,最新シーズン,2,2025年にマックス・フェルスタッペンが所属していたチームは？,ロータス,フェラーリ,レッドブル・レーシング,ベネトン,2,2025年の公式ランキングではマックス・フェルスタッペンはレッドブル・レーシング所属として登録されています。,2020s,2025|driver|team,Formula 1公式 Results Archive
gpq_00187,最新シーズン,1,2025年ドライバーズランキング3位は誰？,リアム・ローソン,ニコ・ヒュルケンベルグ,オスカー・ピアストリ,シャルル・ルクレール,2,2025年のドライバーズランキング3位はオスカー・ピアストリ（マクラーレン）です。,2020s,2025|standings,Formula 1公式 Results Archive
gpq_00188,最新シーズン,2,2025年にオスカー・ピアストリが所属していたチームは？,マトラ,ブラバム,マクラーレン,RB,2,2025年の公式ランキングではオスカー・ピアストリはマクラーレン所属として登録されています。,2020s,2025|driver|team,Formula 1公式 Results Archive
gpq_00189,最新シーズン,1,2025年ドライバーズランキング4位は誰？,アレクサンダー・アルボン,ジョージ・ラッセル,アイザック・ハジャー,ガブリエル・ボルトレト,1,2025年のドライバーズランキング4位はジョージ・ラッセル（メルセデス）です。,2020s,2025|standings,Formula 1公式 Results Archive
gpq_00190,最新シーズン,2,2025年にジョージ・ラッセルが所属していたチームは？,レッドブル・レーシング,メルセデス,ブラウンGP,RB,1,2025年の公式ランキングではジョージ・ラッセルはメルセデス所属として登録されています。,2020s,2025|driver|team,Formula 1公式 Results Archive
gpq_00191,最新シーズン,1,2025年ドライバーズランキング5位は誰？,カルロス・サインツ,シャルル・ルクレール,ジョージ・ラッセル,角田裕毅,1,2025年のドライバーズランキング5位はシャルル・ルクレール（フェラーリ）です。,2020s,2025|standings,Formula 1公式 Results Archive
gpq_00192,最新シーズン,2,2025年にシャルル・ルクレールが所属していたチームは？,BRM,ブラバム,トヨタ,フェラーリ,3,2025年の公式ランキングではシャルル・ルクレールはフェラーリ所属として登録されています。,2020s,2025|driver|team,Formula 1公式 Results Archive
gpq_00193,最新シーズン,2,2025年ドライバーズランキング6位は誰？,ルイス・ハミルトン,キミ・アントネッリ,フランコ・コラピント,エステバン・オコン,0,2025年のドライバーズランキング6位はルイス・ハミルトン（フェラーリ）です。,2020s,2025|standings,Formula 1公式 Results Archive
gpq_00194,最新シーズン,2,2025年にルイス・ハミルトンが所属していたチームは？,フェラーリ,メルセデス,マクラーレン,ロータス,0,2025年の公式ランキングではルイス・ハミルトンはフェラーリ所属として登録されています。,2020s,2025|driver|team,Formula 1公式 Results Archive
gpq_00195,最新シーズン,2,2025年ドライバーズランキング7位は誰？,ピエール・ガスリー,キミ・アントネッリ,ニコ・ヒュルケンベルグ,角田裕毅,1,2025年のドライバーズランキング7位はキミ・アントネッリ（メルセデス）です。,2020s,2025|standings,Formula 1公式 Results Archive
gpq_00196,最新シーズン,2,2025年にキミ・アントネッリが所属していたチームは？,ヴァンウォール,クーパー,ウィリアムズ,メルセデス,3,2025年の公式ランキングではキミ・アントネッリはメルセデス所属として登録されています。,2020s,2025|driver|team,Formula 1公式 Results Archive
gpq_00197,最新シーズン,2,2025年ドライバーズランキング8位は誰？,シャルル・ルクレール,アレクサンダー・アルボン,ランド・ノリス,オスカー・ピアストリ,1,2025年のドライバーズランキング8位はアレクサンダー・アルボン（ウィリアムズ）です。,2020s,2025|standings,Formula 1公式 Results Archive
gpq_00198,最新シーズン,2,2025年にアレクサンダー・アルボンが所属していたチームは？,ウィリアムズ,ホンダ,レッドブル・レーシング,アストンマーティン,0,2025年の公式ランキングではアレクサンダー・アルボンはウィリアムズ所属として登録されています。,2020s,2025|driver|team,Formula 1公式 Results Archive
gpq_00199,最新シーズン,2,2025年ドライバーズランキング9位は誰？,フェルナンド・アロンソ,マックス・フェルスタッペン,ジョージ・ラッセル,カルロス・サインツ,3,2025年のドライバーズランキング9位はカルロス・サインツ（ウィリアムズ）です。,2020s,2025|standings,Formula 1公式 Results Archive
gpq_00200,最新シーズン,2,2025年にカルロス・サインツが所属していたチームは？,ハース,ジョーダン,アルピーヌ,ウィリアムズ,3,2025年の公式ランキングではカルロス・サインツはウィリアムズ所属として登録されています。,2020s,2025|driver|team,Formula 1公式 Results Archive
gpq_00201,最新シーズン,2,2025年ドライバーズランキング10位は誰？,フェルナンド・アロンソ,ジョージ・ラッセル,アイザック・ハジャー,シャルル・ルクレール,0,2025年のドライバーズランキング10位はフェルナンド・アロンソ（アストンマーティン）です。,2020s,2025|standings,Formula 1公式 Results Archive
gpq_00202,最新シーズン,2,2025年にフェルナンド・アロンソが所属していたチームは？,アルピーヌ,アストンマーティン,ルノー,キック・ザウバー,1,2025年の公式ランキングではフェルナンド・アロンソはアストンマーティン所属として登録されています。,2020s,2025|driver|team,Formula 1公式 Results Archive
gpq_00203,最新シーズン,2,2025年ドライバーズランキング11位は誰？,ランド・ノリス,フランコ・コラピント,アレクサンダー・アルボン,ニコ・ヒュルケンベルグ,3,2025年のドライバーズランキング11位はニコ・ヒュルケンベルグ（キック・ザウバー）です。,2020s,2025|standings,Formula 1公式 Results Archive
gpq_00204,最新シーズン,2,2025年にニコ・ヒュルケンベルグが所属していたチームは？,メルセデス,ヴァンウォール,キック・ザウバー,ハース,2,2025年の公式ランキングではニコ・ヒュルケンベルグはキック・ザウバー所属として登録されています。,2020s,2025|driver|team,Formula 1公式 Results Archive
gpq_00205,最新シーズン,2,2025年ドライバーズランキング12位は誰？,アイザック・ハジャー,フェルナンド・アロンソ,キミ・アントネッリ,オリバー・ベアマン,0,2025年のドライバーズランキング12位はアイザック・ハジャー（レーシングブルズ）です。,2020s,2025|standings,Formula 1公式 Results Archive
gpq_00206,最新シーズン,2,2025年にアイザック・ハジャーが所属していたチームは？,ブラバム,レーシングブルズ,ウィリアムズ,ヴァンウォール,1,2025年の公式ランキングではアイザック・ハジャーはレーシングブルズ所属として登録されています。,2020s,2025|driver|team,Formula 1公式 Results Archive
gpq_00207,最新シーズン,2,2025年ドライバーズランキング13位は誰？,マックス・フェルスタッペン,フランコ・コラピント,エステバン・オコン,オリバー・ベアマン,3,2025年のドライバーズランキング13位はオリバー・ベアマン（ハース）です。,2020s,2025|standings,Formula 1公式 Results Archive
gpq_00208,最新シーズン,2,2025年ドライバーズランキング14位は誰？,フランコ・コラピント,キミ・アントネッリ,リアム・ローソン,カルロス・サインツ,2,2025年のドライバーズランキング14位はリアム・ローソン（レーシングブルズ）です。,2020s,2025|standings,Formula 1公式 Results Archive
gpq_00209,最新シーズン,2,2025年ドライバーズランキング15位は誰？,エステバン・オコン,ピエール・ガスリー,ジャック・ドゥーハン,カルロス・サインツ,0,2025年のドライバーズランキング15位はエステバン・オコン（ハース）です。,2020s,2025|standings,Formula 1公式 Results Archive
gpq_00210,最新シーズン,2,2025年ドライバーズランキング16位は誰？,カルロス・サインツ,角田裕毅,ランス・ストロール,オスカー・ピアストリ,2,2025年のドライバーズランキング16位はランス・ストロール（アストンマーティン）です。,2020s,2025|standings,Formula 1公式 Results Archive
gpq_00211,最新シーズン,2,2025年ドライバーズランキング17位は誰？,オリバー・ベアマン,オスカー・ピアストリ,マックス・フェルスタッペン,角田裕毅,3,2025年のドライバーズランキング17位は角田裕毅（レッドブル・レーシング）です。,2020s,2025|standings,Formula 1公式 Results Archive
gpq_00212,最新シーズン,2,2025年ドライバーズランキング18位は誰？,ジャック・ドゥーハン,ピエール・ガスリー,角田裕毅,マックス・フェルスタッペン,1,2025年のドライバーズランキング18位はピエール・ガスリー（アルピーヌ）です。,2020s,2025|standings,Formula 1公式 Results Archive
gpq_00213,最新シーズン,2,2025年ドライバーズランキング19位は誰？,ジョージ・ラッセル,マックス・フェルスタッペン,ガブリエル・ボルトレト,角田裕毅,2,2025年のドライバーズランキング19位はガブリエル・ボルトレト（キック・ザウバー）です。,2020s,2025|standings,Formula 1公式 Results Archive
gpq_00214,最新シーズン,2,2025年ドライバーズランキング20位は誰？,ランド・ノリス,フランコ・コラピント,フェルナンド・アロンソ,エステバン・オコン,1,2025年のドライバーズランキング20位はフランコ・コラピント（アルピーヌ）です。,2020s,2025|standings,Formula 1公式 Results Archive
gpq_00215,最新シーズン,2,2025年ドライバーズランキング21位は誰？,フランコ・コラピント,リアム・ローソン,ジャック・ドゥーハン,ジョージ・ラッセル,2,2025年のドライバーズランキング21位はジャック・ドゥーハン（アルピーヌ）です。,2020s,2025|standings,Formula 1公式 Results Archive
gpq_00216,最新シーズン,1,2025年コンストラクターズランキング1位は？,マクラーレン,フェラーリ,レーシングブルズ,メルセデス,0,2025年のコンストラクターズランキング1位はマクラーレンです。,2020s,2025|constructor,Formula 1公式 Results Archive
gpq_00217,最新シーズン,1,2025年コンストラクターズランキング2位は？,アルピーヌ,フェラーリ,マクラーレン,メルセデス,3,2025年のコンストラクターズランキング2位はメルセデスです。,2020s,2025|constructor,Formula 1公式 Results Archive
gpq_00218,最新シーズン,1,2025年コンストラクターズランキング3位は？,フェラーリ,レッドブル・レーシング,キック・ザウバー,レーシングブルズ,1,2025年のコンストラクターズランキング3位はレッドブル・レーシングです。,2020s,2025|constructor,Formula 1公式 Results Archive
gpq_00219,最新シーズン,1,2025年コンストラクターズランキング4位は？,キック・ザウバー,マクラーレン,アストンマーティン,フェラーリ,3,2025年のコンストラクターズランキング4位はフェラーリです。,2020s,2025|constructor,Formula 1公式 Results Archive
gpq_00220,最新シーズン,2,2025年コンストラクターズランキング5位は？,ウィリアムズ,メルセデス,アストンマーティン,マクラーレン,0,2025年のコンストラクターズランキング5位はウィリアムズです。,2020s,2025|constructor,Formula 1公式 Results Archive
gpq_00221,最新シーズン,2,2025年コンストラクターズランキング6位は？,アルピーヌ,ハース,レーシングブルズ,ウィリアムズ,2,2025年のコンストラクターズランキング6位はレーシングブルズです。,2020s,2025|constructor,Formula 1公式 Results Archive
gpq_00222,最新シーズン,2,2025年コンストラクターズランキング7位は？,レッドブル・レーシング,メルセデス,アストンマーティン,アルピーヌ,2,2025年のコンストラクターズランキング7位はアストンマーティンです。,2020s,2025|constructor,Formula 1公式 Results Archive
gpq_00223,最新シーズン,2,2025年コンストラクターズランキング8位は？,アルピーヌ,フェラーリ,レッドブル・レーシング,ハース,3,2025年のコンストラクターズランキング8位はハースです。,2020s,2025|constructor,Formula 1公式 Results Archive
gpq_00224,最新シーズン,2,2025年コンストラクターズランキング9位は？,キック・ザウバー,メルセデス,レッドブル・レーシング,アルピーヌ,0,2025年のコンストラクターズランキング9位はキック・ザウバーです。,2020s,2025|constructor,Formula 1公式 Results Archive
gpq_00225,最新シーズン,2,2025年コンストラクターズランキング10位は？,ハース,アルピーヌ,キック・ザウバー,レッドブル・レーシング,1,2025年のコンストラクターズランキング10位はアルピーヌです。,2020s,2025|constructor,Formula 1公式 Results Archive
gpq_00226,最新シーズン,1,2024年ドライバーズランキング1位は誰？,アレクサンダー・アルボン,ローガン・サージェント,マックス・フェルスタッペン,ジャック・ドゥーハン,2,2024年のドライバーズランキング1位はマックス・フェルスタッペンです。,2020s,2024|standings,Formula 1公式 Results Archive
gpq_00227,最新シーズン,2,2024年にマックス・フェルスタッペンが所属していたチームは？,クーパー,ブラウンGP,レッドブル,BRM,2,2024年の公式ランキングではマックス・フェルスタッペンはレッドブル所属として登録されています。,2020s,2024|driver|team,Formula 1公式 Results Archive
gpq_00228,最新シーズン,1,2024年ドライバーズランキング2位は誰？,シャルル・ルクレール,ニコ・ヒュルケンベルグ,ピエール・ガスリー,ランド・ノリス,3,2024年のドライバーズランキング2位はランド・ノリスです。,2020s,2024|standings,Formula 1公式 Results Archive
gpq_00229,最新シーズン,2,2024年にランド・ノリスが所属していたチームは？,BRM,マクラーレン,メルセデス,ロータス,1,2024年の公式ランキングではランド・ノリスはマクラーレン所属として登録されています。,2020s,2024|driver|team,Formula 1公式 Results Archive
gpq_00230,最新シーズン,1,2024年ドライバーズランキング3位は誰？,ジャック・ドゥーハン,カルロス・サインツ,シャルル・ルクレール,エステバン・オコン,2,2024年のドライバーズランキング3位はシャルル・ルクレールです。,2020s,2024|standings,Formula 1公式 Results Archive
gpq_00231,最新シーズン,2,2024年にシャルル・ルクレールが所属していたチームは？,ハース,フェラーリ,ジョーダン,ブラウンGP,1,2024年の公式ランキングではシャルル・ルクレールはフェラーリ所属として登録されています。,2020s,2024|driver|team,Formula 1公式 Results Archive
gpq_00232,最新シーズン,1,2024年ドライバーズランキング4位は誰？,マックス・フェルスタッペン,オスカー・ピアストリ,アレクサンダー・アルボン,ジョージ・ラッセル,1,2024年のドライバーズランキング4位はオスカー・ピアストリです。,2020s,2024|standings,Formula 1公式 Results Archive
gpq_00233,最新シーズン,2,2024年にオスカー・ピアストリが所属していたチームは？,ブラバム,メルセデス,マクラーレン,ベネトン,2,2024年の公式ランキングではオスカー・ピアストリはマクラーレン所属として登録されています。,2020s,2024|driver|team,Formula 1公式 Results Archive
gpq_00234,最新シーズン,1,2024年ドライバーズランキング5位は誰？,ジョージ・ラッセル,カルロス・サインツ,エステバン・オコン,フェルナンド・アロンソ,1,2024年のドライバーズランキング5位はカルロス・サインツです。,2020s,2024|standings,Formula 1公式 Results Archive
gpq_00235,最新シーズン,2,2024年にカルロス・サインツが所属していたチームは？,ウィリアムズ,ベネトン,フェラーリ,BRM,2,2024年の公式ランキングではカルロス・サインツはフェラーリ所属として登録されています。,2020s,2024|driver|team,Formula 1公式 Results Archive
gpq_00236,最新シーズン,1,2024年ドライバーズランキング6位は誰？,周冠宇,ジョージ・ラッセル,ランス・ストロール,オリバー・ベアマン,1,2024年のドライバーズランキング6位はジョージ・ラッセルです。,2020s,2024|standings,Formula 1公式 Results Archive
gpq_00237,最新シーズン,2,2024年にジョージ・ラッセルが所属していたチームは？,マクラーレン,メルセデス,ヴァンウォール,ホンダ,1,2024年の公式ランキングではジョージ・ラッセルはメルセデス所属として登録されています。,2020s,2024|driver|team,Formula 1公式 Results Archive
gpq_00238,最新シーズン,1,2024年ドライバーズランキング7位は誰？,ルイス・ハミルトン,オスカー・ピアストリ,ニコ・ヒュルケンベルグ,ローガン・サージェント,0,2024年のドライバーズランキング7位はルイス・ハミルトンです。,2020s,2024|standings,Formula 1公式 Results Archive
gpq_00239,最新シーズン,2,2024年にルイス・ハミルトンが所属していたチームは？,ルノー,ブラウンGP,ハース,メルセデス,3,2024年の公式ランキングではルイス・ハミルトンはメルセデス所属として登録されています。,2020s,2024|driver|team,Formula 1公式 Results Archive
gpq_00240,最新シーズン,1,2024年ドライバーズランキング8位は誰？,セルジオ・ペレス,アレクサンダー・アルボン,ピエール・ガスリー,ジャック・ドゥーハン,0,2024年のドライバーズランキング8位はセルジオ・ペレスです。,2020s,2024|standings,Formula 1公式 Results Archive
gpq_00241,最新シーズン,2,2024年にセルジオ・ペレスが所属していたチームは？,マクラーレン,アストンマーティン,レッドブル,ティレル,2,2024年の公式ランキングではセルジオ・ペレスはレッドブル所属として登録されています。,2020s,2024|driver|team,Formula 1公式 Results Archive
gpq_00242,最新シーズン,1,2024年ドライバーズランキング9位は誰？,フェルナンド・アロンソ,オリバー・ベアマン,ジョージ・ラッセル,フランコ・コラピント,0,2024年のドライバーズランキング9位はフェルナンド・アロンソです。,2020s,2024|standings,Formula 1公式 Results Archive
gpq_00243,最新シーズン,2,2024年にフェルナンド・アロンソが所属していたチームは？,アストンマーティン,BRM,ジョーダン,メルセデス,0,2024年の公式ランキングではフェルナンド・アロンソはアストンマーティン所属として登録されています。,2020s,2024|driver|team,Formula 1公式 Results Archive
gpq_00244,最新シーズン,1,2024年ドライバーズランキング10位は誰？,シャルル・ルクレール,オスカー・ピアストリ,ケビン・マグヌッセン,ピエール・ガスリー,3,2024年のドライバーズランキング10位はピエール・ガスリーです。,2020s,2024|standings,Formula 1公式 Results Archive
gpq_00245,最新シーズン,2,2024年にピエール・ガスリーが所属していたチームは？,アルピーヌ,ジョーダン,ルノー,ホンダ,0,2024年の公式ランキングではピエール・ガスリーはアルピーヌ所属として登録されています。,2020s,2024|driver|team,Formula 1公式 Results Archive
gpq_00246,最新シーズン,2,2024年ドライバーズランキング11位は誰？,ジャック・ドゥーハン,ニコ・ヒュルケンベルグ,ジョージ・ラッセル,シャルル・ルクレール,1,2024年のドライバーズランキング11位はニコ・ヒュルケンベルグです。,2020s,2024|standings,Formula 1公式 Results Archive
gpq_00247,最新シーズン,2,2024年ドライバーズランキング12位は誰？,ダニエル・リカルド,バルテリ・ボッタス,周冠宇,角田裕毅,3,2024年のドライバーズランキング12位は角田裕毅です。,2020s,2024|standings,Formula 1公式 Results Archive
gpq_00248,最新シーズン,2,2024年ドライバーズランキング13位は誰？,ローガン・サージェント,ランス・ストロール,フランコ・コラピント,フェルナンド・アロンソ,1,2024年のドライバーズランキング13位はランス・ストロールです。,2020s,2024|standings,Formula 1公式 Results Archive
gpq_00249,最新シーズン,2,2024年ドライバーズランキング14位は誰？,マックス・フェルスタッペン,ジョージ・ラッセル,エステバン・オコン,ランス・ストロール,2,2024年のドライバーズランキング14位はエステバン・オコンです。,2020s,2024|standings,Formula 1公式 Results Archive
gpq_00250,最新シーズン,2,2024年ドライバーズランキング15位は誰？,ケビン・マグヌッセン,周冠宇,マックス・フェルスタッペン,ジャック・ドゥーハン,0,2024年のドライバーズランキング15位はケビン・マグヌッセンです。,2020s,2024|standings,Formula 1公式 Results Archive
gpq_00251,最新シーズン,2,2024年ドライバーズランキング16位は誰？,リアム・ローソン,オスカー・ピアストリ,周冠宇,アレクサンダー・アルボン,3,2024年のドライバーズランキング16位はアレクサンダー・アルボンです。,2020s,2024|standings,Formula 1公式 Results Archive
gpq_00252,最新シーズン,2,2024年ドライバーズランキング17位は誰？,セルジオ・ペレス,ダニエル・リカルド,周冠宇,フェルナンド・アロンソ,1,2024年のドライバーズランキング17位はダニエル・リカルドです。,2020s,2024|standings,Formula 1公式 Results Archive
gpq_00253,最新シーズン,2,2024年ドライバーズランキング18位は誰？,フェルナンド・アロンソ,オリバー・ベアマン,バルテリ・ボッタス,ランド・ノリス,1,2024年のドライバーズランキング18位はオリバー・ベアマンです。,2020s,2024|standings,Formula 1公式 Results Archive
gpq_00254,最新シーズン,2,2024年ドライバーズランキング19位は誰？,フランコ・コラピント,ケビン・マグヌッセン,角田裕毅,シャルル・ルクレール,0,2024年のドライバーズランキング19位はフランコ・コラピントです。,2020s,2024|standings,Formula 1公式 Results Archive
gpq_00255,最新シーズン,2,2024年ドライバーズランキング20位は誰？,バルテリ・ボッタス,周冠宇,フェルナンド・アロンソ,ローガン・サージェント,1,2024年のドライバーズランキング20位は周冠宇です。,2020s,2024|standings,Formula 1公式 Results Archive
gpq_00256,最新シーズン,1,2024年コンストラクターズランキング1位は？,レッドブル,メルセデス,RB,マクラーレン,3,2024年のコンストラクターズランキング1位はマクラーレンです。,2020s,2024|constructor,Formula 1公式 Results Archive
gpq_00257,最新シーズン,1,2024年コンストラクターズランキング2位は？,キック・ザウバー,ウィリアムズ,フェラーリ,ハース,2,2024年のコンストラクターズランキング2位はフェラーリです。,2020s,2024|constructor,Formula 1公式 Results Archive
gpq_00258,最新シーズン,1,2024年コンストラクターズランキング3位は？,キック・ザウバー,RB,アストンマーティン,レッドブル,3,2024年のコンストラクターズランキング3位はレッドブルです。,2020s,2024|constructor,Formula 1公式 Results Archive
gpq_00259,最新シーズン,1,2024年コンストラクターズランキング4位は？,ウィリアムズ,メルセデス,マクラーレン,フェラーリ,1,2024年のコンストラクターズランキング4位はメルセデスです。,2020s,2024|constructor,Formula 1公式 Results Archive
gpq_00260,最新シーズン,2,2024年コンストラクターズランキング5位は？,アストンマーティン,RB,ハース,レッドブル,0,2024年のコンストラクターズランキング5位はアストンマーティンです。,2020s,2024|constructor,Formula 1公式 Results Archive
gpq_00261,最新シーズン,2,2024年コンストラクターズランキング6位は？,ウィリアムズ,アルピーヌ,キック・ザウバー,メルセデス,1,2024年のコンストラクターズランキング6位はアルピーヌです。,2020s,2024|constructor,Formula 1公式 Results Archive
gpq_00262,最新シーズン,2,2024年コンストラクターズランキング7位は？,キック・ザウバー,ハース,マクラーレン,レッドブル,1,2024年のコンストラクターズランキング7位はハースです。,2020s,2024|constructor,Formula 1公式 Results Archive
gpq_00263,最新シーズン,2,2024年コンストラクターズランキング8位は？,レッドブル,キック・ザウバー,アルピーヌ,RB,3,2024年のコンストラクターズランキング8位はRBです。,2020s,2024|constructor,Formula 1公式 Results Archive
gpq_00264,最新シーズン,2,2024年コンストラクターズランキング9位は？,キック・ザウバー,ウィリアムズ,ハース,フェラーリ,1,2024年のコンストラクターズランキング9位はウィリアムズです。,2020s,2024|constructor,Formula 1公式 Results Archive
gpq_00265,最新シーズン,2,2024年コンストラクターズランキング10位は？,ウィリアムズ,キック・ザウバー,RB,アストンマーティン,1,2024年のコンストラクターズランキング10位はキック・ザウバーです。,2020s,2024|constructor,Formula 1公式 Results Archive
gpq_00266,サーキット・GP,1,モナコGPで知られるサーキットは？,ポール・リカール,モンテカルロ市街地コース,アルバート・パーク,エルマノス・ロドリゲス,1,モナコGPはモンテカルロ市街地コースで知られます。市街地で抜きにくい伝統の一戦です。,all,circuit,Formula 1公式 Results Archive
gpq_00267,サーキット・GP,2,モンテカルロ市街地コースで開催されるGPとして代表的なのは？,シンガポールGP,オーストラリアGP,モナコGP,カナダGP,2,モンテカルロ市街地コースはモナコGPの開催地として知られます。,all,circuit,Formula 1公式 Results Archive
gpq_00268,サーキット・GP,1,イタリアGPで知られるサーキットは？,カタロニア,ザントフォールト,モンツァ,アルバート・パーク,2,イタリアGPはモンツァで知られます。高速コースで「スピードの神殿」と呼ばれるです。,all,circuit,Formula 1公式 Results Archive
gpq_00269,サーキット・GP,2,モンツァで開催されるGPとして代表的なのは？,トルコGP,ポルトガルGP,イタリアGP,シンガポールGP,2,モンツァはイタリアGPの開催地として知られます。,all,circuit,Formula 1公式 Results Archive
gpq_00270,サーキット・GP,2,ベルギーGPで知られるサーキットは？,ポルティマオ,カタロニア,ハンガロリンク,スパ・フランコルシャン,3,ベルギーGPはスパ・フランコルシャンで知られます。オー・ルージュ／ラディオンで有名です。,all,circuit,Formula 1公式 Results Archive
gpq_00271,サーキット・GP,2,スパ・フランコルシャンで開催されるGPとして代表的なのは？,日本GP,オーストラリアGP,ベルギーGP,サンマリノGP,2,スパ・フランコルシャンはベルギーGPの開催地として知られます。,all,circuit,Formula 1公式 Results Archive
gpq_00272,サーキット・GP,1,日本GPで知られるサーキットは？,モンツァ,マイアミ・インターナショナル・オートドローム,レッドブル・リンク,鈴鹿,3,日本GPは鈴鹿で知られます。8の字レイアウトと130Rで有名です。,all,circuit,Formula 1公式 Results Archive
gpq_00273,サーキット・GP,2,鈴鹿で開催されるGPとして代表的なのは？,中国GP,アブダビGP,イタリアGP,日本GP,3,鈴鹿は日本GPの開催地として知られます。,all,circuit,Formula 1公式 Results Archive
gpq_00274,サーキット・GP,2,イギリスGPで知られるサーキットは？,シルバーストン,鈴鹿,ポール・リカール,ハンガロリンク,0,イギリスGPはシルバーストンで知られます。F1初開催地としても知られるです。,all,circuit,Formula 1公式 Results Archive
gpq_00275,サーキット・GP,2,シルバーストンで開催されるGPとして代表的なのは？,イギリスGP,ブラジルGP,オーストリアGP,カナダGP,0,シルバーストンはイギリスGPの開催地として知られます。,all,circuit,Formula 1公式 Results Archive
gpq_00276,サーキット・GP,2,ブラジルGPで知られるサーキットは？,カタロニア,エルマノス・ロドリゲス,インテルラゴス,ラスベガス市街地,2,ブラジルGPはインテルラゴスで知られます。サンパウロにある反時計回り寄りの名コースです。,all,circuit,Formula 1公式 Results Archive
gpq_00277,サーキット・GP,2,インテルラゴスで開催されるGPとして代表的なのは？,サンマリノGP,オランダGP,オーストラリアGP,ブラジルGP,3,インテルラゴスはブラジルGPの開催地として知られます。,all,circuit,Formula 1公式 Results Archive
gpq_00278,サーキット・GP,2,シンガポールGPで知られるサーキットは？,マイアミ・インターナショナル・オートドローム,エルマノス・ロドリゲス,鈴鹿,マリーナベイ,3,シンガポールGPはマリーナベイで知られます。ナイトレースとして有名です。,all,circuit,Formula 1公式 Results Archive
gpq_00279,サーキット・GP,2,マリーナベイで開催されるGPとして代表的なのは？,ベルギーGP,シンガポールGP,トルコGP,ハンガリーGP,1,マリーナベイはシンガポールGPの開催地として知られます。,all,circuit,Formula 1公式 Results Archive
gpq_00280,サーキット・GP,2,アブダビGPで知られるサーキットは？,モンテカルロ市街地コース,ポール・リカール,ポルティマオ,ヤス・マリーナ,3,アブダビGPはヤス・マリーナで知られます。近年は最終戦で使われることが多いです。,all,circuit,Formula 1公式 Results Archive
gpq_00281,サーキット・GP,2,ヤス・マリーナで開催されるGPとして代表的なのは？,アブダビGP,オーストラリアGP,ポルトガルGP,バーレーンGP,0,ヤス・マリーナはアブダビGPの開催地として知られます。,all,circuit,Formula 1公式 Results Archive
gpq_00282,サーキット・GP,2,カナダGPで知られるサーキットは？,エルマノス・ロドリゲス,ジル・ヴィルヌーヴ・サーキット,イスタンブール・パーク,バーレーン・インターナショナル,1,カナダGPはジル・ヴィルヌーヴ・サーキットで知られます。チャンピオンズ・ウォールで有名です。,all,circuit,Formula 1公式 Results Archive
gpq_00283,サーキット・GP,2,ジル・ヴィルヌーヴ・サーキットで開催されるGPとして代表的なのは？,メキシコGP,ベルギーGP,アブダビGP,カナダGP,3,ジル・ヴィルヌーヴ・サーキットはカナダGPの開催地として知られます。,all,circuit,Formula 1公式 Results Archive
gpq_00284,サーキット・GP,2,オーストラリアGPで知られるサーキットは？,カタロニア,ジル・ヴィルヌーヴ・サーキット,レッドブル・リンク,アルバート・パーク,3,オーストラリアGPはアルバート・パークで知られます。メルボルンの公園内コースです。,all,circuit,Formula 1公式 Results Archive
gpq_00285,サーキット・GP,2,アルバート・パークで開催されるGPとして代表的なのは？,トルコGP,メキシコGP,オーストラリアGP,ベルギーGP,2,アルバート・パークはオーストラリアGPの開催地として知られます。,all,circuit,Formula 1公式 Results Archive
gpq_00286,サーキット・GP,2,バーレーンGPで知られるサーキットは？,バーレーン・インターナショナル,ザントフォールト,モンテカルロ市街地コース,イスタンブール・パーク,0,バーレーンGPはバーレーン・インターナショナルで知られます。砂漠地帯の常設コースです。,all,circuit,Formula 1公式 Results Archive
gpq_00287,サーキット・GP,2,バーレーン・インターナショナルで開催されるGPとして代表的なのは？,サンマリノGP,イギリスGP,シンガポールGP,バーレーンGP,3,バーレーン・インターナショナルはバーレーンGPの開催地として知られます。,all,circuit,Formula 1公式 Results Archive
gpq_00288,サーキット・GP,2,ハンガリーGPで知られるサーキットは？,スパ・フランコルシャン,ハンガロリンク,ラスベガス市街地,ポール・リカール,1,ハンガリーGPはハンガロリンクで知られます。抜きにくく曲がりくねったレイアウトです。,all,circuit,Formula 1公式 Results Archive
gpq_00289,サーキット・GP,2,ハンガロリンクで開催されるGPとして代表的なのは？,スペインGP,マイアミGP,ハンガリーGP,アメリカGP,2,ハンガロリンクはハンガリーGPの開催地として知られます。,all,circuit,Formula 1公式 Results Archive
gpq_00290,サーキット・GP,2,スペインGPで知られるサーキットは？,カタロニア,ヤス・マリーナ,上海インターナショナル,スパ・フランコルシャン,0,スペインGPはカタロニアで知られます。テストコースとしても使われてきたです。,all,circuit,Formula 1公式 Results Archive
gpq_00291,サーキット・GP,2,カタロニアで開催されるGPとして代表的なのは？,トルコGP,スペインGP,カナダGP,オーストリアGP,1,カタロニアはスペインGPの開催地として知られます。,all,circuit,Formula 1公式 Results Archive
gpq_00292,サーキット・GP,2,オランダGPで知られるサーキットは？,ザントフォールト,インテルラゴス,イスタンブール・パーク,エルマノス・ロドリゲス,0,オランダGPはザントフォールトで知られます。バンク角のついたコーナーが特徴です。,all,circuit,Formula 1公式 Results Archive
gpq_00293,サーキット・GP,2,ザントフォールトで開催されるGPとして代表的なのは？,オランダGP,イギリスGP,アブダビGP,アメリカGP,0,ザントフォールトはオランダGPの開催地として知られます。,all,circuit,Formula 1公式 Results Archive
gpq_00294,サーキット・GP,2,オーストリアGPで知られるサーキットは？,モンテカルロ市街地コース,ポルティマオ,鈴鹿,レッドブル・リンク,3,オーストリアGPはレッドブル・リンクで知られます。短いラップと高低差で知られるです。,all,circuit,Formula 1公式 Results Archive
gpq_00295,サーキット・GP,2,レッドブル・リンクで開催されるGPとして代表的なのは？,ベルギーGP,オーストリアGP,ハンガリーGP,オランダGP,1,レッドブル・リンクはオーストリアGPの開催地として知られます。,all,circuit,Formula 1公式 Results Archive
gpq_00296,サーキット・GP,2,メキシコGPで知られるサーキットは？,イモラ,エルマノス・ロドリゲス,カタロニア,ザントフォールト,1,メキシコGPはエルマノス・ロドリゲスで知られます。高地にあるサーキットです。,all,circuit,Formula 1公式 Results Archive
gpq_00297,サーキット・GP,2,エルマノス・ロドリゲスで開催されるGPとして代表的なのは？,ベルギーGP,アメリカGP,イギリスGP,メキシコGP,3,エルマノス・ロドリゲスはメキシコGPの開催地として知られます。,all,circuit,Formula 1公式 Results Archive
gpq_00298,サーキット・GP,2,アメリカGPで知られるサーキットは？,COTA,ヤス・マリーナ,モンツァ,ホッケンハイム,0,アメリカGPはCOTAで知られます。オースティンの起伏ある常設コースです。,all,circuit,Formula 1公式 Results Archive
gpq_00299,サーキット・GP,2,COTAで開催されるGPとして代表的なのは？,メキシコGP,シンガポールGP,アメリカGP,マレーシアGP,2,COTAはアメリカGPの開催地として知られます。,all,circuit,Formula 1公式 Results Archive
gpq_00300,サーキット・GP,2,ラスベガスGPで知られるサーキットは？,シルバーストン,ラスベガス市街地,モンツァ,ジル・ヴィルヌーヴ・サーキット,1,ラスベガスGPはラスベガス市街地で知られます。夜の市街地レースです。,all,circuit,Formula 1公式 Results Archive
gpq_00301,サーキット・GP,2,ラスベガス市街地で開催されるGPとして代表的なのは？,ポルトガルGP,フランスGP,マイアミGP,ラスベガスGP,3,ラスベガス市街地はラスベガスGPの開催地として知られます。,all,circuit,Formula 1公式 Results Archive
gpq_00302,サーキット・GP,2,マイアミGPで知られるサーキットは？,ポール・リカール,イスタンブール・パーク,セパン,マイアミ・インターナショナル・オートドローム,3,マイアミGPはマイアミ・インターナショナル・オートドロームで知られます。ハードロック・スタジアム周辺のコースです。,all,circuit,Formula 1公式 Results Archive
gpq_00303,サーキット・GP,2,マイアミ・インターナショナル・オートドロームで開催されるGPとして代表的なのは？,モナコGP,ベルギーGP,中国GP,マイアミGP,3,マイアミ・インターナショナル・オートドロームはマイアミGPの開催地として知られます。,all,circuit,Formula 1公式 Results Archive
gpq_00304,サーキット・GP,2,サンマリノGPで知られるサーキットは？,マイアミ・インターナショナル・オートドローム,ポルティマオ,ヤス・マリーナ,イモラ,3,サンマリノGPはイモラで知られます。タンブレロなどで知られる歴史あるコースです。,all,circuit,Formula 1公式 Results Archive
gpq_00305,サーキット・GP,2,イモラで開催されるGPとして代表的なのは？,イギリスGP,マレーシアGP,メキシコGP,サンマリノGP,3,イモラはサンマリノGPの開催地として知られます。,all,circuit,Formula 1公式 Results Archive
gpq_00306,サーキット・GP,2,フランスGPで知られるサーキットは？,モンテカルロ市街地コース,ヤス・マリーナ,ハンガロリンク,ポール・リカール,3,フランスGPはポール・リカールで知られます。長いストレートと広いランオフで知られるです。,all,circuit,Formula 1公式 Results Archive
gpq_00307,サーキット・GP,2,ポール・リカールで開催されるGPとして代表的なのは？,マイアミGP,ポルトガルGP,ドイツGP,フランスGP,3,ポール・リカールはフランスGPの開催地として知られます。,all,circuit,Formula 1公式 Results Archive
gpq_00308,サーキット・GP,2,ドイツGPで知られるサーキットは？,イモラ,セパン,ホッケンハイム,モンツァ,2,ドイツGPはホッケンハイムで知られます。かつては森の中の超高速区間で有名です。,all,circuit,Formula 1公式 Results Archive
gpq_00309,サーキット・GP,2,ホッケンハイムで開催されるGPとして代表的なのは？,メキシコGP,日本GP,アメリカGP,ドイツGP,3,ホッケンハイムはドイツGPの開催地として知られます。,all,circuit,Formula 1公式 Results Archive
gpq_00310,サーキット・GP,2,ポルトガルGPで知られるサーキットは？,ハンガロリンク,ラスベガス市街地,インテルラゴス,ポルティマオ,3,ポルトガルGPはポルティマオで知られます。起伏の大きいレイアウトです。,all,circuit,Formula 1公式 Results Archive
gpq_00311,サーキット・GP,2,ポルティマオで開催されるGPとして代表的なのは？,カナダGP,サンマリノGP,ポルトガルGP,オーストラリアGP,2,ポルティマオはポルトガルGPの開催地として知られます。,all,circuit,Formula 1公式 Results Archive
gpq_00312,サーキット・GP,2,トルコGPで知られるサーキットは？,イスタンブール・パーク,モンツァ,ポール・リカール,イモラ,0,トルコGPはイスタンブール・パークで知られます。ターン8で知られるです。,all,circuit,Formula 1公式 Results Archive
gpq_00313,サーキット・GP,2,イスタンブール・パークで開催されるGPとして代表的なのは？,ベルギーGP,トルコGP,モナコGP,フランスGP,1,イスタンブール・パークはトルコGPの開催地として知られます。,all,circuit,Formula 1公式 Results Archive
gpq_00314,サーキット・GP,2,マレーシアGPで知られるサーキットは？,イスタンブール・パーク,アルバート・パーク,モンツァ,セパン,3,マレーシアGPはセパンで知られます。高温多湿で広いレイアウトです。,all,circuit,Formula 1公式 Results Archive
gpq_00315,サーキット・GP,2,セパンで開催されるGPとして代表的なのは？,マレーシアGP,オーストラリアGP,トルコGP,オーストリアGP,0,セパンはマレーシアGPの開催地として知られます。,all,circuit,Formula 1公式 Results Archive
gpq_00316,サーキット・GP,2,中国GPで知られるサーキットは？,ハンガロリンク,鈴鹿,マリーナベイ,上海インターナショナル,3,中国GPは上海インターナショナルで知られます。渦巻き状のターン1で有名です。,all,circuit,Formula 1公式 Results Archive
gpq_00317,サーキット・GP,2,上海インターナショナルで開催されるGPとして代表的なのは？,マレーシアGP,中国GP,バーレーンGP,ベルギーGP,1,上海インターナショナルは中国GPの開催地として知られます。,all,circuit,Formula 1公式 Results Archive
gpq_00318,F1マシン・技術,1,DRSの主な目的は？,燃料を追加する,空気抵抗を減らして追い抜きを助ける,ブレーキ温度を下げる,無線を強める,1,DRSはリアウイングを開いて空気抵抗を減らす仕組みです。,all,technology,F1技術史・一般知識
gpq_00319,F1マシン・技術,1,HaloがF1で正式導入された年は？,2019年,2017年,2018年,2016年,2,Haloはドライバー頭部保護のため2018年に正式導入されました。,all,safety,F1技術史・一般知識
gpq_00320,F1マシン・技術,2,V6ターボハイブリッドのパワーユニット規定が始まった年は？,2010年,2016年,2012年,2014年,3,現行に近いハイブリッドPU時代は2014年に始まりました。,all,engine,F1技術史・一般知識
gpq_00321,F1マシン・技術,1,スリックタイヤとは？,雨用タイヤ,氷上用タイヤ,溝のないドライ用タイヤ,予選専用燃料,2,スリックは乾いた路面で使う溝のないタイヤです。,all,tyre,F1技術史・一般知識
gpq_00322,F1マシン・技術,1,インターミディエイトタイヤが主に使われる路面は？,小雨や乾きかけの路面,完全なドライ路面,ピットレーンだけ,雪道,0,インターミディエイトはフルウェットほどではない濡れた路面で使われます。,all,tyre,F1技術史・一般知識
gpq_00323,F1マシン・技術,2,ディフューザーの主な役割は？,ドライバーを冷やす,車体下の空気を整えてダウンフォースに寄与する,燃料を噴射する,無線を受信する,1,ディフューザーは車体下部の流れを使いダウンフォースに関係します。,all,aero,F1技術史・一般知識
gpq_00324,F1マシン・技術,2,ERSは何に関係する仕組み？,エネルギー回生・放出,給油,無線通信,タイヤ交換,0,ERSは回生したエネルギーを走行に利用する仕組みです。,all,hybrid,F1技術史・一般知識
gpq_00325,F1マシン・技術,2,グラウンドエフェクトで重要なのは主にどの部分？,ステアリングの色,車体下面の空気流れ,無線アンテナ,ドライバーのヘルメット,1,車体下面の空気を使いダウンフォースを得る考え方です。,all,aero,F1技術史・一般知識
gpq_00326,ルール・レギュレーション,2,パルクフェルメとは何に関係するルール？,予選後などの車両状態管理,テレビ中継権,観客席販売,表彰台の順番,0,パルクフェルメでは予選後などの仕様変更が制限されます。,all,rules,FIA Formula One Sporting Regulations
gpq_00327,ルール・レギュレーション,1,通常のフルポイント制で優勝者に与えられるポイントは？,50点,25点,18点,10点,1,通常のフルポイントレースでは優勝者に25点が与えられます。,all,points,FIA Formula One Sporting Regulations
gpq_00328,ルール・レギュレーション,1,通常のフルポイント制で2位に与えられるポイントは？,15点,25点,18点,20点,2,FIAスポーティング規則の通常配点では2位は18点です。,all,points,FIA Formula One Sporting Regulations
gpq_00329,ルール・レギュレーション,1,通常のフルポイント制で3位に与えられるポイントは？,18点,10点,12点,15点,3,FIAスポーティング規則の通常配点では3位は15点です。,all,points,FIA Formula One Sporting Regulations
gpq_00330,ルール・レギュレーション,2,スプリントで1位に与えられるポイントは？,25点,10点,8点,6点,2,スプリントは1位から8位までに8-7-6-5-4-3-2-1点が与えられます。,all,sprint,FIA Formula One Sporting Regulations
gpq_00331,ルール・レギュレーション,1,青旗が主に示す意味は？,ピット閉鎖,後方から速い車が接近している,レース終了,雨が降り始めた,1,青旗は周回遅れなどに後方から速い車が来ていることを知らせます。,all,flag,FIA Formula One Sporting Regulations
gpq_00332,ルール・レギュレーション,1,赤旗が出た場合、セッションは一般的にどうなる？,DRS常時使用,即時優勝確定,一時中断される,全車給油,2,赤旗は事故や天候などでセッションを一時中断する合図です。,all,flag,FIA Formula One Sporting Regulations
gpq_00333,ルール・レギュレーション,1,チェッカーフラッグは何を示す？,雨天開始,給油許可,予選開始,セッションまたはレース終了,3,チェッカーフラッグは終了を示します。,all,flag,FIA Formula One Sporting Regulations
gpq_00334,ルール・レギュレーション,2,VSCの正式名称は？,Victory Start Check,Variable Speed Control,Vehicle Signal Code,Virtual Safety Car,3,VSCはVirtual Safety Carの略です。,all,rules,FIA Formula One Sporting Regulations
gpq_00335,ルール・レギュレーション,2,2010年以降の決勝中の給油について正しいものは？,基本的に禁止された,SC中だけ可能,雨天時だけ可能,自由にできる,0,2010年以降、決勝中の給油は禁止されています。,all,fuel,FIA Formula One Sporting Regulations
gpq_00336,ルール・レギュレーション,2,107%ルールが主に関係するのは？,表彰式,予選と決勝出走資格,無線周波数,ピットストップ練習,1,107%ルールは予選タイムと決勝出走資格に関係します。,all,rules,FIA Formula One Sporting Regulations
gpq_00337,ルール・レギュレーション,3,F1レース距離の原則でよく使われる基準は？,100km固定,305kmを超える最少周回数,45分固定,500km固定,1,FIA規則ではモナコ等の例外を除き305km超の最少周回数が基準です。,all,rules,FIA Formula One Sporting Regulations
gpq_00338,チーム・コンストラクター,2,マクラーレンの創設者として知られる人物は？,ブルース・マクラーレン,エンツォ・フェラーリ,フランク・ウィリアムズ,コーリン・チャップマン,0,マクラーレンはブルース・マクラーレンの名に由来します。,all,team,Formula 1公式 Results Archive
gpq_00339,チーム・コンストラクター,2,ウィリアムズF1の創設者として知られる人物は？,エンツォ・フェラーリ,ジャッキー・スチュワート,フランク・ウィリアムズ,ロン・デニス,2,ウィリアムズはフランク・ウィリアムズの名に由来します。,all,team,Formula 1公式 Results Archive
gpq_00340,チーム・コンストラクター,3,ロータスの創設者として知られる技術者は？,バーニー・エクレストン,コーリン・チャップマン,ロス・ブラウン,エイドリアン・ニューウェイ,1,ロータスはコーリン・チャップマンの革新的な設計で知られます。,all,team,Formula 1公式 Results Archive
gpq_00341,チーム・コンストラクター,2,レッドブル・レーシングが初めてコンストラクターズ王者になった年は？,2008年,2011年,2009年,2010年,3,レッドブルは2010年に初のコンストラクターズ王者になりました。,all,team,Formula 1公式 Results Archive
gpq_00342,チーム・コンストラクター,2,ブラウンGPがF1に参戦して王者になった年は？,2009年,2008年,2007年,2010年,0,ブラウンGPは2009年の1年で両タイトルを獲得しました。,all,team,Formula 1公式 Results Archive
gpq_00343,ドライバー,1,ルイス・ハミルトンがF1デビューしたチームは？,マクラーレン,ウィリアムズ,メルセデス,フェラーリ,0,ハミルトンは2007年にマクラーレンからデビューしました。,all,driver,Formula 1公式 Results Archive
gpq_00344,ドライバー,2,マックス・フェルスタッペンがF1デビューしたチームは？,レッドブル,メルセデス,トロ・ロッソ,ルノー,2,フェルスタッペンは2015年にトロ・ロッソからデビューしました。,all,driver,Formula 1公式 Results Archive
gpq_00345,ドライバー,2,シャルル・ルクレールがF1デビューしたチームは？,レッドブル,マクラーレン,フェラーリ,ザウバー,3,ルクレールは2018年にザウバーからデビューしました。,all,driver,Formula 1公式 Results Archive
gpq_00346,ドライバー,1,ランド・ノリスがF1デビューしたチームは？,フェラーリ,ハース,マクラーレン,レッドブル,2,ノリスは2019年にマクラーレンからデビューしました。,all,driver,Formula 1公式 Results Archive
gpq_00347,日本人・日本GP,1,角田裕毅がF1デビューした年は？,2021年,2020年,2022年,2019年,0,角田裕毅は2021年にF1デビューしました。,all,japan,Formula 1公式 Results Archive
gpq_00348,日本人・日本GP,2,日本人初のF1表彰台で知られるドライバーは？,中嶋悟,佐藤琢磨,小林可夢偉,鈴木亜久里,3,鈴木亜久里は1990年日本GPで3位表彰台を獲得しました。,all,japan,Formula 1公式 Results Archive
gpq_00349,日本人・日本GP,2,佐藤琢磨がF1表彰台を獲得したレースは？,2007年カナダGP,2006年モナコGP,2004年アメリカGP,2005年日本GP,2,佐藤琢磨は2004年アメリカGPで3位表彰台を獲得しました。,all,japan,Formula 1公式 Results Archive
gpq_00350,日本人・日本GP,2,小林可夢偉がF1表彰台を獲得したレースは？,2011年カナダGP,2013年中国GP,2010年日本GP,2012年日本GP,3,小林可夢偉は2012年日本GPで3位表彰台を獲得しました。,all,japan,Formula 1公式 Results Archive
gpq_00351,パドック裏話・話題,1,F1で「アイスマン」の愛称で知られるドライバーは？,ルイス・ハミルトン,ジェンソン・バトン,フェリペ・マッサ,キミ・ライコネン,3,キミ・ライコネンは「アイスマン」の愛称で知られます。,all,paddock,Formula 1公式 Results Archive
gpq_00352,パドック裏話・話題,2,表彰台で「シューイ」を披露することで知られるドライバーは？,ダニエル・リカルド,マックス・フェルスタッペン,フェリペ・マッサ,ニコ・ロズベルグ,0,リカルドは表彰台でシューイをすることで有名です。,all,paddock,Formula 1公式 Results Archive
gpq_00353,パドック裏話・話題,2,2007年マクラーレンでチームメイトだった組み合わせは？,シューマッハとバリチェロ,ベッテルとウェバー,セナとプロスト,アロンソとハミルトン,3,2007年のマクラーレンはアロンソと新人ハミルトンの組み合わせでした。,all,rivalry,Formula 1公式 Results Archive
gpq_00354,名レース・事件,2,1989年と1990年の鈴鹿で激しく争ったライバル関係は？,アロンソとライコネン,ハミルトンとロズベルグ,セナとプロスト,ベッテルとウェバー,2,セナとプロストの鈴鹿でのタイトル争いはF1史に残ります。,all,rivalry,Formula 1公式 Results Archive
gpq_00355,名レース・事件,2,2008年ブラジルGPで初タイトルを決めたドライバーは？,フェリペ・マッサ,ルイス・ハミルトン,フェルナンド・アロンソ,キミ・ライコネン,1,ハミルトンは2008年ブラジルGPの最終盤で初タイトルを決めました。,all,race,Formula 1公式 Results Archive
gpq_00356,名レース・事件,2,2021年アブダビGPで初タイトルを獲得したドライバーは？,マックス・フェルスタッペン,セルジオ・ペレス,バルテリ・ボッタス,ルイス・ハミルトン,0,2021年アブダビGPでフェルスタッペンが初タイトルを獲得しました。,all,race,Formula 1公式 Results Archive
gpq_00357,名レース・事件,3,2005年アメリカGPで出走台数が極端に少なくなった主因は？,全チームのストライキ,タイヤ安全問題,大雪,燃料不足,1,2005年アメリカGPはタイヤ問題により少数台の決勝になりました。,all,incident,Formula 1公式 Results Archive
gpq_00358,F1マシン・技術,3,次のうち、空力に強く関係するものをすべて選べ。,フロントウイング,ディフューザー,燃料流量計,ドライバーの国籍,"[0, 1]",フロントウイングとディフューザーは空力性能に直接関係します。,all,multi|aero,検証済み基礎データ
gpq_00359,ルール・レギュレーション,2,通常のレースでポイント対象となる順位をすべて選べ。,1位,10位,15位,20位,"[0, 1]",通常のフルポイントでは1位から10位までがポイント対象です。,all,multi|points,検証済み基礎データ
gpq_00360,サーキット・GP,3,市街地コースとして知られるものをすべて選べ。,モナコ,シンガポール,モンツァ,鈴鹿,"[0, 1]",モナコとシンガポールは市街地コースとして知られます。,all,multi|circuit,検証済み基礎データ
gpq_00361,日本人・日本GP,3,F1表彰台経験のある日本人ドライバーをすべて選べ。,鈴木亜久里,佐藤琢磨,小林可夢偉,中嶋悟,"[0, 1, 2]",鈴木亜久里、佐藤琢磨、小林可夢偉はF1で表彰台を獲得しています。,all,multi|japan,検証済み基礎データ
gpq_00362,歴代王者・記録,3,親子でF1ドライバーズチャンピオンになった組み合わせをすべて選べ。,グラハム・ヒル／デイモン・ヒル,ケケ・ロズベルグ／ニコ・ロズベルグ,ジル・ヴィルヌーヴ／ジャック・ヴィルヌーヴ,ネルソン・ピケ／ネルソン・ピケJr.,"[0, 1]",ヒル親子とロズベルグ親子は、親子でF1王者になった組み合わせです。,all,multi|champion,検証済み基礎データ
gpq_00363,最新シーズン,3,2025年のドライバーズランキングでランド・ノリスの獲得ポイントは？,423点,22点,51点,100点,0,2025年の公式ランキングではランド・ノリスは423点です。,2020s,2025|points,Formula 1公式 Results Archive
gpq_00364,最新シーズン,3,2025年のドライバーズランキングでマックス・フェルスタッペンの獲得ポイントは？,64点,319点,421点,38点,2,2025年の公式ランキングではマックス・フェルスタッペンは421点です。,2020s,2025|points,Formula 1公式 Results Archive
gpq_00365,最新シーズン,3,2025年のドライバーズランキングでオスカー・ピアストリの獲得ポイントは？,19点,410点,51点,56点,1,2025年の公式ランキングではオスカー・ピアストリは410点です。,2020s,2025|points,Formula 1公式 Results Archive
gpq_00366,最新シーズン,3,2025年のドライバーズランキングでジョージ・ラッセルの獲得ポイントは？,156点,200点,319点,150点,2,2025年の公式ランキングではジョージ・ラッセルは319点です。,2020s,2025|points,Formula 1公式 Results Archive
gpq_00367,最新シーズン,3,2025年のドライバーズランキングでシャルル・ルクレールの獲得ポイントは？,421点,51点,242点,410点,2,2025年の公式ランキングではシャルル・ルクレールは242点です。,2020s,2025|points,Formula 1公式 Results Archive
gpq_00368,最新シーズン,3,2025年のドライバーズランキングでルイス・ハミルトンの獲得ポイントは？,38点,156点,410点,319点,1,2025年の公式ランキングではルイス・ハミルトンは156点です。,2020s,2025|points,Formula 1公式 Results Archive
gpq_00369,最新シーズン,3,2025年のドライバーズランキングでキミ・アントネッリの獲得ポイントは？,56点,319点,242点,150点,3,2025年の公式ランキングではキミ・アントネッリは150点です。,2020s,2025|points,Formula 1公式 Results Archive
gpq_00370,最新シーズン,3,2025年のドライバーズランキングでアレクサンダー・アルボンの獲得ポイントは？,73点,22点,300点,41点,0,2025年の公式ランキングではアレクサンダー・アルボンは73点です。,2020s,2025|points,Formula 1公式 Results Archive
gpq_00371,最新シーズン,3,2025年のドライバーズランキングでカルロス・サインツの獲得ポイントは？,156点,64点,51点,33点,1,2025年の公式ランキングではカルロス・サインツは64点です。,2020s,2025|points,Formula 1公式 Results Archive
gpq_00372,最新シーズン,3,2025年のドライバーズランキングでフェルナンド・アロンソの獲得ポイントは？,51点,56点,200点,300点,1,2025年の公式ランキングではフェルナンド・アロンソは56点です。,2020s,2025|points,Formula 1公式 Results Archive
gpq_00373,最新シーズン,3,2025年のドライバーズランキングでニコ・ヒュルケンベルグの獲得ポイントは？,0点,51点,73点,319点,1,2025年の公式ランキングではニコ・ヒュルケンベルグは51点です。,2020s,2025|points,Formula 1公式 Results Archive
gpq_00374,最新シーズン,3,2025年のドライバーズランキングでアイザック・ハジャーの獲得ポイントは？,19点,100点,38点,51点,3,2025年の公式ランキングではアイザック・ハジャーは51点です。,2020s,2025|points,Formula 1公式 Results Archive
gpq_00375,最新シーズン,3,2025年のドライバーズランキングでオリバー・ベアマンの獲得ポイントは？,64点,51点,423点,41点,3,2025年の公式ランキングではオリバー・ベアマンは41点です。,2020s,2025|points,Formula 1公式 Results Archive
gpq_00376,最新シーズン,3,2025年のドライバーズランキングでリアム・ローソンの獲得ポイントは？,156点,38点,51点,19点,1,2025年の公式ランキングではリアム・ローソンは38点です。,2020s,2025|points,Formula 1公式 Results Archive
gpq_00377,最新シーズン,3,2025年のドライバーズランキングでエステバン・オコンの獲得ポイントは？,300点,38点,73点,100点,1,2025年の公式ランキングではエステバン・オコンは38点です。,2020s,2025|points,Formula 1公式 Results Archive
gpq_00378,最新シーズン,3,2025年のドライバーズランキングでランス・ストロールの獲得ポイントは？,421点,64点,156点,33点,3,2025年の公式ランキングではランス・ストロールは33点です。,2020s,2025|points,Formula 1公式 Results Archive
gpq_00379,最新シーズン,3,2025年のドライバーズランキングで角田裕毅の獲得ポイントは？,19点,33点,73点,22点,1,2025年の公式ランキングでは角田裕毅は33点です。,2020s,2025|points,Formula 1公式 Results Archive
gpq_00380,最新シーズン,3,2025年のドライバーズランキングでピエール・ガスリーの獲得ポイントは？,38点,33点,22点,0点,2,2025年の公式ランキングではピエール・ガスリーは22点です。,2020s,2025|points,Formula 1公式 Results Archive
gpq_00381,最新シーズン,3,2025年のドライバーズランキングでガブリエル・ボルトレトの獲得ポイントは？,19点,156点,22点,100点,0,2025年の公式ランキングではガブリエル・ボルトレトは19点です。,2020s,2025|points,Formula 1公式 Results Archive
gpq_00382,最新シーズン,3,2025年のドライバーズランキングでフランコ・コラピントの獲得ポイントは？,300点,56点,0点,22点,2,2025年の公式ランキングではフランコ・コラピントは0点です。,2020s,2025|points,Formula 1公式 Results Archive
gpq_00383,最新シーズン,3,2025年のドライバーズランキングでジャック・ドゥーハンの獲得ポイントは？,19点,73点,300点,0点,3,2025年の公式ランキングではジャック・ドゥーハンは0点です。,2020s,2025|points,Formula 1公式 Results Archive
gpq_00384,最新シーズン,3,2025年のコンストラクターズランキングでマクラーレンの獲得ポイントは？,469点,833点,70点,451点,1,2025年の公式チームランキングではマクラーレンは833点です。,2020s,2025|points,Formula 1公式 Results Archive
gpq_00385,最新シーズン,3,2025年のコンストラクターズランキングでメルセデスの獲得ポイントは？,100点,92点,79点,469点,3,2025年の公式チームランキングではメルセデスは469点です。,2020s,2025|points,Formula 1公式 Results Archive
gpq_00386,最新シーズン,3,2025年のコンストラクターズランキングでレッドブル・レーシングの獲得ポイントは？,833点,22点,79点,451点,3,2025年の公式チームランキングではレッドブル・レーシングは451点です。,2020s,2025|points,Formula 1公式 Results Archive
gpq_00387,最新シーズン,3,2025年のコンストラクターズランキングでフェラーリの獲得ポイントは？,398点,833点,300点,70点,0,2025年の公式チームランキングではフェラーリは398点です。,2020s,2025|points,Formula 1公式 Results Archive
gpq_00388,最新シーズン,3,2025年のコンストラクターズランキングでウィリアムズの獲得ポイントは？,137点,89点,22点,200点,0,2025年の公式チームランキングではウィリアムズは137点です。,2020s,2025|points,Formula 1公式 Results Archive
gpq_00389,最新シーズン,3,2025年のコンストラクターズランキングでレーシングブルズの獲得ポイントは？,79点,92点,70点,22点,1,2025年の公式チームランキングではレーシングブルズは92点です。,2020s,2025|points,Formula 1公式 Results Archive
gpq_00390,最新シーズン,3,2025年のコンストラクターズランキングでアストンマーティンの獲得ポイントは？,89点,92点,200点,79点,0,2025年の公式チームランキングではアストンマーティンは89点です。,2020s,2025|points,Formula 1公式 Results Archive
gpq_00391,最新シーズン,3,2025年のコンストラクターズランキングでハースの獲得ポイントは？,92点,70点,200点,79点,3,2025年の公式チームランキングではハースは79点です。,2020s,2025|points,Formula 1公式 Results Archive
gpq_00392,最新シーズン,3,2025年のコンストラクターズランキングでキック・ザウバーの獲得ポイントは？,79点,70点,89点,100点,1,2025年の公式チームランキングではキック・ザウバーは70点です。,2020s,2025|points,Formula 1公式 Results Archive
gpq_00393,最新シーズン,3,2025年のコンストラクターズランキングでアルピーヌの獲得ポイントは？,70点,92点,22点,100点,2,2025年の公式チームランキングではアルピーヌは22点です。,2020s,2025|points,Formula 1公式 Results Archive
gpq_00394,最新シーズン,3,2024年のドライバーズランキングでマックス・フェルスタッペンの獲得ポイントは？,0点,70点,245点,437点,3,2024年の公式ランキングではマックス・フェルスタッペンは437点です。,2020s,2024|points,Formula 1公式 Results Archive
gpq_00395,最新シーズン,3,2024年のドライバーズランキングでランド・ノリスの獲得ポイントは？,223点,356点,100点,374点,3,2024年の公式ランキングではランド・ノリスは374点です。,2020s,2024|points,Formula 1公式 Results Archive
gpq_00396,最新シーズン,3,2024年のドライバーズランキングでシャルル・ルクレールの獲得ポイントは？,356点,292点,0点,223点,0,2024年の公式ランキングではシャルル・ルクレールは356点です。,2020s,2024|points,Formula 1公式 Results Archive
gpq_00397,最新シーズン,3,2024年のドライバーズランキングでオスカー・ピアストリの獲得ポイントは？,42点,4点,292点,152点,2,2024年の公式ランキングではオスカー・ピアストリは292点です。,2020s,2024|points,Formula 1公式 Results Archive
gpq_00398,最新シーズン,3,2024年のドライバーズランキングでカルロス・サインツの獲得ポイントは？,290点,437点,16点,100点,0,2024年の公式ランキングではカルロス・サインツは290点です。,2020s,2024|points,Formula 1公式 Results Archive
gpq_00399,最新シーズン,3,2024年のドライバーズランキングでジョージ・ラッセルの獲得ポイントは？,245点,356点,30点,24点,0,2024年の公式ランキングではジョージ・ラッセルは245点です。,2020s,2024|points,Formula 1公式 Results Archive
gpq_00400,最新シーズン,3,2024年のドライバーズランキングでルイス・ハミルトンの獲得ポイントは？,223点,23点,41点,100点,0,2024年の公式ランキングではルイス・ハミルトンは223点です。,2020s,2024|points,Formula 1公式 Results Archive
gpq_00401,最新シーズン,3,2024年のドライバーズランキングでセルジオ・ペレスの獲得ポイントは？,374点,12点,437点,152点,3,2024年の公式ランキングではセルジオ・ペレスは152点です。,2020s,2024|points,Formula 1公式 Results Archive
gpq_00402,最新シーズン,3,2024年のドライバーズランキングでフェルナンド・アロンソの獲得ポイントは？,42点,16点,70点,5点,2,2024年の公式ランキングではフェルナンド・アロンソは70点です。,2020s,2024|points,Formula 1公式 Results Archive
gpq_00403,最新シーズン,3,2024年のドライバーズランキングでピエール・ガスリーの獲得ポイントは？,290点,300点,42点,152点,2,2024年の公式ランキングではピエール・ガスリーは42点です。,2020s,2024|points,Formula 1公式 Results Archive
gpq_00404,最新シーズン,3,2024年のドライバーズランキングでニコ・ヒュルケンベルグの獲得ポイントは？,0点,223点,100点,41点,3,2024年の公式ランキングではニコ・ヒュルケンベルグは41点です。,2020s,2024|points,Formula 1公式 Results Archive
gpq_00405,最新シーズン,3,2024年のドライバーズランキングで角田裕毅の獲得ポイントは？,223点,30点,290点,23点,1,2024年の公式ランキングでは角田裕毅は30点です。,2020s,2024|points,Formula 1公式 Results Archive
gpq_00406,最新シーズン,3,2024年のドライバーズランキングでランス・ストロールの獲得ポイントは？,0点,24点,4点,16点,1,2024年の公式ランキングではランス・ストロールは24点です。,2020s,2024|points,Formula 1公式 Results Archive
gpq_00407,最新シーズン,3,2024年のドライバーズランキングでエステバン・オコンの獲得ポイントは？,23点,245点,16点,100点,0,2024年の公式ランキングではエステバン・オコンは23点です。,2020s,2024|points,Formula 1公式 Results Archive
gpq_00408,最新シーズン,3,2024年のドライバーズランキングでケビン・マグヌッセンの獲得ポイントは？,152点,437点,23点,16点,3,2024年の公式ランキングではケビン・マグヌッセンは16点です。,2020s,2024|points,Formula 1公式 Results Archive
gpq_00409,最新シーズン,3,2024年のドライバーズランキングでアレクサンダー・アルボンの獲得ポイントは？,70点,300点,4点,12点,3,2024年の公式ランキングではアレクサンダー・アルボンは12点です。,2020s,2024|points,Formula 1公式 Results Archive
gpq_00410,最新シーズン,3,2024年のドライバーズランキングでダニエル・リカルドの獲得ポイントは？,437点,12点,290点,292点,1,2024年の公式ランキングではダニエル・リカルドは12点です。,2020s,2024|points,Formula 1公式 Results Archive
gpq_00411,最新シーズン,3,2024年のドライバーズランキングでオリバー・ベアマンの獲得ポイントは？,4点,12点,223点,7点,3,2024年の公式ランキングではオリバー・ベアマンは7点です。,2020s,2024|points,Formula 1公式 Results Archive
gpq_00412,最新シーズン,3,2024年のドライバーズランキングでフランコ・コラピントの獲得ポイントは？,5点,152点,24点,42点,0,2024年の公式ランキングではフランコ・コラピントは5点です。,2020s,2024|points,Formula 1公式 Results Archive
gpq_00413,最新シーズン,3,2024年のドライバーズランキングで周冠宇の獲得ポイントは？,23点,4点,437点,24点,1,2024年の公式ランキングでは周冠宇は4点です。,2020s,2024|points,Formula 1公式 Results Archive
gpq_00414,最新シーズン,3,2024年のドライバーズランキングでリアム・ローソンの獲得ポイントは？,374点,100点,4点,300点,2,2024年の公式ランキングではリアム・ローソンは4点です。,2020s,2024|points,Formula 1公式 Results Archive
gpq_00415,最新シーズン,3,2024年のドライバーズランキングでバルテリ・ボッタスの獲得ポイントは？,23点,0点,374点,292点,1,2024年の公式ランキングではバルテリ・ボッタスは0点です。,2020s,2024|points,Formula 1公式 Results Archive
gpq_00416,最新シーズン,3,2024年のドライバーズランキングでローガン・サージェントの獲得ポイントは？,152点,24点,0点,7点,2,2024年の公式ランキングではローガン・サージェントは0点です。,2020s,2024|points,Formula 1公式 Results Archive
gpq_00417,最新シーズン,3,2024年のドライバーズランキングでジャック・ドゥーハンの獲得ポイントは？,16点,0点,4点,5点,1,2024年の公式ランキングではジャック・ドゥーハンは0点です。,2020s,2024|points,Formula 1公式 Results Archive
gpq_00418,最新シーズン,3,2024年のコンストラクターズランキングでマクラーレンの獲得ポイントは？,65点,666点,300点,17点,1,2024年の公式チームランキングではマクラーレンは666点です。,2020s,2024|points,Formula 1公式 Results Archive
gpq_00419,最新シーズン,3,2024年のコンストラクターズランキングでフェラーリの獲得ポイントは？,468点,652点,17点,666点,1,2024年の公式チームランキングではフェラーリは652点です。,2020s,2024|points,Formula 1公式 Results Archive
gpq_00420,最新シーズン,3,2024年のコンストラクターズランキングでレッドブルの獲得ポイントは？,65点,589点,100点,468点,1,2024年の公式チームランキングではレッドブルは589点です。,2020s,2024|points,Formula 1公式 Results Archive
gpq_00421,最新シーズン,3,2024年のコンストラクターズランキングでメルセデスの獲得ポイントは？,468点,58点,652点,46点,0,2024年の公式チームランキングではメルセデスは468点です。,2020s,2024|points,Formula 1公式 Results Archive
gpq_00422,最新シーズン,3,2024年のコンストラクターズランキングでアストンマーティンの獲得ポイントは？,17点,94点,652点,46点,1,2024年の公式チームランキングではアストンマーティンは94点です。,2020s,2024|points,Formula 1公式 Results Archive
gpq_00423,最新シーズン,3,2024年のコンストラクターズランキングでアルピーヌの獲得ポイントは？,4点,65点,94点,46点,1,2024年の公式チームランキングではアルピーヌは65点です。,2020s,2024|points,Formula 1公式 Results Archive
gpq_00424,最新シーズン,3,2024年のコンストラクターズランキングでハースの獲得ポイントは？,58点,200点,65点,100点,0,2024年の公式チームランキングではハースは58点です。,2020s,2024|points,Formula 1公式 Results Archive
gpq_00425,最新シーズン,3,2024年のコンストラクターズランキングでRBの獲得ポイントは？,589点,300点,46点,17点,2,2024年の公式チームランキングではRBは46点です。,2020s,2024|points,Formula 1公式 Results Archive
gpq_00426,最新シーズン,3,2024年のコンストラクターズランキングでウィリアムズの獲得ポイントは？,200点,17点,468点,4点,1,2024年の公式チームランキングではウィリアムズは17点です。,2020s,2024|points,Formula 1公式 Results Archive
gpq_00427,最新シーズン,3,2024年のコンストラクターズランキングでキック・ザウバーの獲得ポイントは？,58点,17点,4点,468点,2,2024年の公式チームランキングではキック・ザウバーは4点です。,2020s,2024|points,Formula 1公式 Results Archive
gpq_00428,歴代王者・記録,2,アイルトン・セナのF1ドライバーズタイトル獲得回数は？,2回,7回,3回,5回,2,アイルトン・セナのF1ドライバーズタイトルは3回です。,all,champion|count,Formula 1公式 Results Archive
gpq_00429,歴代王者・記録,2,アラン・ジョーンズのF1ドライバーズタイトル獲得回数は？,6回,1回,3回,5回,1,アラン・ジョーンズのF1ドライバーズタイトルは1回です。,all,champion|count,Formula 1公式 Results Archive
gpq_00430,歴代王者・記録,2,アラン・プロストのF1ドライバーズタイトル獲得回数は？,4回,7回,1回,6回,0,アラン・プロストのF1ドライバーズタイトルは4回です。,all,champion|count,Formula 1公式 Results Archive
gpq_00431,歴代王者・記録,2,アルベルト・アスカリのF1ドライバーズタイトル獲得回数は？,4回,1回,2回,6回,2,アルベルト・アスカリのF1ドライバーズタイトルは2回です。,all,champion|count,Formula 1公式 Results Archive
gpq_00432,歴代王者・記録,2,エマーソン・フィッティパルディのF1ドライバーズタイトル獲得回数は？,1回,5回,3回,2回,3,エマーソン・フィッティパルディのF1ドライバーズタイトルは2回です。,all,champion|count,Formula 1公式 Results Archive
gpq_00433,歴代王者・記録,2,キミ・ライコネンのF1ドライバーズタイトル獲得回数は？,4回,2回,5回,1回,3,キミ・ライコネンのF1ドライバーズタイトルは1回です。,all,champion|count,Formula 1公式 Results Archive
gpq_00434,歴代王者・記録,2,グラハム・ヒルのF1ドライバーズタイトル獲得回数は？,2回,6回,1回,5回,0,グラハム・ヒルのF1ドライバーズタイトルは2回です。,all,champion|count,Formula 1公式 Results Archive
gpq_00435,歴代王者・記録,2,ケケ・ロズベルグのF1ドライバーズタイトル獲得回数は？,4回,1回,6回,2回,1,ケケ・ロズベルグのF1ドライバーズタイトルは1回です。,all,champion|count,Formula 1公式 Results Archive
gpq_00436,歴代王者・記録,2,ジェンソン・バトンのF1ドライバーズタイトル獲得回数は？,1回,5回,6回,3回,0,ジェンソン・バトンのF1ドライバーズタイトルは1回です。,all,champion|count,Formula 1公式 Results Archive
gpq_00437,歴代王者・記録,2,ジェームス・ハントのF1ドライバーズタイトル獲得回数は？,7回,3回,1回,6回,2,ジェームス・ハントのF1ドライバーズタイトルは1回です。,all,champion|count,Formula 1公式 Results Archive
gpq_00438,歴代王者・記録,2,ジム・クラークのF1ドライバーズタイトル獲得回数は？,2回,7回,5回,1回,0,ジム・クラークのF1ドライバーズタイトルは2回です。,all,champion|count,Formula 1公式 Results Archive
gpq_00439,歴代王者・記録,2,ジャッキー・スチュワートのF1ドライバーズタイトル獲得回数は？,3回,4回,6回,7回,0,ジャッキー・スチュワートのF1ドライバーズタイトルは3回です。,all,champion|count,Formula 1公式 Results Archive
gpq_00440,歴代王者・記録,2,ジャック・ブラバムのF1ドライバーズタイトル獲得回数は？,2回,4回,6回,3回,3,ジャック・ブラバムのF1ドライバーズタイトルは3回です。,all,champion|count,Formula 1公式 Results Archive
gpq_00441,歴代王者・記録,2,ジャック・ヴィルヌーヴのF1ドライバーズタイトル獲得回数は？,5回,2回,1回,6回,2,ジャック・ヴィルヌーヴのF1ドライバーズタイトルは1回です。,all,champion|count,Formula 1公式 Results Archive
gpq_00442,歴代王者・記録,2,ジュゼッペ・ファリーナのF1ドライバーズタイトル獲得回数は？,5回,6回,1回,3回,2,ジュゼッペ・ファリーナのF1ドライバーズタイトルは1回です。,all,champion|count,Formula 1公式 Results Archive
gpq_00443,歴代王者・記録,2,ジョディー・シェクターのF1ドライバーズタイトル獲得回数は？,1回,2回,6回,4回,0,ジョディー・シェクターのF1ドライバーズタイトルは1回です。,all,champion|count,Formula 1公式 Results Archive
gpq_00444,歴代王者・記録,2,ジョン・サーティースのF1ドライバーズタイトル獲得回数は？,6回,5回,7回,1回,3,ジョン・サーティースのF1ドライバーズタイトルは1回です。,all,champion|count,Formula 1公式 Results Archive
gpq_00445,歴代王者・記録,2,セバスチャン・ベッテルのF1ドライバーズタイトル獲得回数は？,2回,4回,3回,1回,1,セバスチャン・ベッテルのF1ドライバーズタイトルは4回です。,all,champion|count,Formula 1公式 Results Archive
gpq_00446,歴代王者・記録,2,デイモン・ヒルのF1ドライバーズタイトル獲得回数は？,3回,4回,6回,1回,3,デイモン・ヒルのF1ドライバーズタイトルは1回です。,all,champion|count,Formula 1公式 Results Archive
gpq_00447,歴代王者・記録,2,デニス・ハルムのF1ドライバーズタイトル獲得回数は？,1回,7回,4回,5回,0,デニス・ハルムのF1ドライバーズタイトルは1回です。,all,champion|count,Formula 1公式 Results Archive
gpq_00448,歴代王者・記録,2,ナイジェル・マンセルのF1ドライバーズタイトル獲得回数は？,3回,7回,4回,1回,3,ナイジェル・マンセルのF1ドライバーズタイトルは1回です。,all,champion|count,Formula 1公式 Results Archive
gpq_00449,歴代王者・記録,2,ニキ・ラウダのF1ドライバーズタイトル獲得回数は？,1回,7回,3回,5回,2,ニキ・ラウダのF1ドライバーズタイトルは3回です。,all,champion|count,Formula 1公式 Results Archive
gpq_00450,歴代王者・記録,2,ニコ・ロズベルグのF1ドライバーズタイトル獲得回数は？,6回,5回,1回,7回,2,ニコ・ロズベルグのF1ドライバーズタイトルは1回です。,all,champion|count,Formula 1公式 Results Archive
gpq_00451,歴代王者・記録,2,ネルソン・ピケのF1ドライバーズタイトル獲得回数は？,6回,2回,3回,5回,2,ネルソン・ピケのF1ドライバーズタイトルは3回です。,all,champion|count,Formula 1公式 Results Archive
gpq_00452,歴代王者・記録,2,ファン・マヌエル・ファンジオのF1ドライバーズタイトル獲得回数は？,3回,4回,6回,5回,3,ファン・マヌエル・ファンジオのF1ドライバーズタイトルは5回です。,all,champion|count,Formula 1公式 Results Archive
gpq_00453,歴代王者・記録,2,フィル・ヒルのF1ドライバーズタイトル獲得回数は？,1回,3回,4回,7回,0,フィル・ヒルのF1ドライバーズタイトルは1回です。,all,champion|count,Formula 1公式 Results Archive
gpq_00454,歴代王者・記録,2,フェルナンド・アロンソのF1ドライバーズタイトル獲得回数は？,1回,7回,5回,2回,3,フェルナンド・アロンソのF1ドライバーズタイトルは2回です。,all,champion|count,Formula 1公式 Results Archive
gpq_00455,歴代王者・記録,2,マイク・ホーソーンのF1ドライバーズタイトル獲得回数は？,1回,4回,5回,2回,0,マイク・ホーソーンのF1ドライバーズタイトルは1回です。,all,champion|count,Formula 1公式 Results Archive
gpq_00456,歴代王者・記録,2,マックス・フェルスタッペンのF1ドライバーズタイトル獲得回数は？,4回,1回,2回,6回,0,マックス・フェルスタッペンのF1ドライバーズタイトルは4回です。,all,champion|count,Formula 1公式 Results Archive
gpq_00457,歴代王者・記録,2,マリオ・アンドレッティのF1ドライバーズタイトル獲得回数は？,1回,5回,6回,4回,0,マリオ・アンドレッティのF1ドライバーズタイトルは1回です。,all,champion|count,Formula 1公式 Results Archive
gpq_00458,歴代王者・記録,2,ミカ・ハッキネンのF1ドライバーズタイトル獲得回数は？,7回,2回,6回,1回,1,ミカ・ハッキネンのF1ドライバーズタイトルは2回です。,all,champion|count,Formula 1公式 Results Archive
gpq_00459,歴代王者・記録,2,ミハエル・シューマッハのF1ドライバーズタイトル獲得回数は？,4回,6回,7回,1回,2,ミハエル・シューマッハのF1ドライバーズタイトルは7回です。,all,champion|count,Formula 1公式 Results Archive
gpq_00460,歴代王者・記録,2,ヨッヘン・リントのF1ドライバーズタイトル獲得回数は？,1回,3回,5回,4回,0,ヨッヘン・リントのF1ドライバーズタイトルは1回です。,all,champion|count,Formula 1公式 Results Archive
gpq_00461,歴代王者・記録,2,ランド・ノリスのF1ドライバーズタイトル獲得回数は？,2回,1回,7回,3回,1,ランド・ノリスのF1ドライバーズタイトルは1回です。,all,champion|count,Formula 1公式 Results Archive
gpq_00462,歴代王者・記録,2,ルイス・ハミルトンのF1ドライバーズタイトル獲得回数は？,6回,7回,2回,4回,1,ルイス・ハミルトンのF1ドライバーズタイトルは7回です。,all,champion|count,Formula 1公式 Results Archive
gpq_00463,チーム・コンストラクター,3,BRMのコンストラクターズタイトル獲得回数は？,4回,13回,5回,1回,3,BRMは登録データ上、コンストラクターズタイトルを1回獲得しています。,all,constructor|count,Formula 1公式 Results Archive
gpq_00464,チーム・コンストラクター,3,ウィリアムズのコンストラクターズタイトル獲得回数は？,6回,13回,8回,9回,3,ウィリアムズは登録データ上、コンストラクターズタイトルを9回獲得しています。,all,constructor|count,Formula 1公式 Results Archive
gpq_00465,チーム・コンストラクター,3,クーパーのコンストラクターズタイトル獲得回数は？,4回,2回,5回,12回,1,クーパーは登録データ上、コンストラクターズタイトルを2回獲得しています。,all,constructor|count,Formula 1公式 Results Archive
gpq_00466,チーム・コンストラクター,3,ティレルのコンストラクターズタイトル獲得回数は？,12回,2回,1回,14回,2,ティレルは登録データ上、コンストラクターズタイトルを1回獲得しています。,all,constructor|count,Formula 1公式 Results Archive
gpq_00467,チーム・コンストラクター,3,フェラーリのコンストラクターズタイトル獲得回数は？,8回,14回,16回,1回,2,フェラーリは登録データ上、コンストラクターズタイトルを16回獲得しています。,all,constructor|count,Formula 1公式 Results Archive
gpq_00468,チーム・コンストラクター,3,ブラウンGPのコンストラクターズタイトル獲得回数は？,14回,11回,1回,7回,2,ブラウンGPは登録データ上、コンストラクターズタイトルを1回獲得しています。,all,constructor|count,Formula 1公式 Results Archive
gpq_00469,チーム・コンストラクター,3,ブラバムのコンストラクターズタイトル獲得回数は？,13回,1回,2回,14回,2,ブラバムは登録データ上、コンストラクターズタイトルを2回獲得しています。,all,constructor|count,Formula 1公式 Results Archive
gpq_00470,チーム・コンストラクター,3,ベネトンのコンストラクターズタイトル獲得回数は？,14回,1回,6回,16回,1,ベネトンは登録データ上、コンストラクターズタイトルを1回獲得しています。,all,constructor|count,Formula 1公式 Results Archive
gpq_00471,チーム・コンストラクター,3,マクラーレンのコンストラクターズタイトル獲得回数は？,10回,2回,9回,15回,0,マクラーレンは登録データ上、コンストラクターズタイトルを10回獲得しています。,all,constructor|count,Formula 1公式 Results Archive
gpq_00472,チーム・コンストラクター,3,マトラのコンストラクターズタイトル獲得回数は？,12回,9回,1回,16回,2,マトラは登録データ上、コンストラクターズタイトルを1回獲得しています。,all,constructor|count,Formula 1公式 Results Archive
gpq_00473,チーム・コンストラクター,3,メルセデスのコンストラクターズタイトル獲得回数は？,9回,10回,12回,8回,3,メルセデスは登録データ上、コンストラクターズタイトルを8回獲得しています。,all,constructor|count,Formula 1公式 Results Archive
gpq_00474,チーム・コンストラクター,3,ルノーのコンストラクターズタイトル獲得回数は？,14回,16回,2回,7回,2,ルノーは登録データ上、コンストラクターズタイトルを2回獲得しています。,all,constructor|count,Formula 1公式 Results Archive
gpq_00475,チーム・コンストラクター,3,レッドブル・レーシングのコンストラクターズタイトル獲得回数は？,15回,13回,11回,6回,3,レッドブル・レーシングは登録データ上、コンストラクターズタイトルを6回獲得しています。,all,constructor|count,Formula 1公式 Results Archive
gpq_00476,チーム・コンストラクター,3,ロータスのコンストラクターズタイトル獲得回数は？,14回,7回,15回,9回,1,ロータスは登録データ上、コンストラクターズタイトルを7回獲得しています。,all,constructor|count,Formula 1公式 Results Archive
gpq_00477,チーム・コンストラクター,3,ヴァンウォールのコンストラクターズタイトル獲得回数は？,1回,2回,15回,5回,0,ヴァンウォールは登録データ上、コンストラクターズタイトルを1回獲得しています。,all,constructor|count,Formula 1公式 Results Archive
gpq_00478,年代別,3,1951年の前年、1950年のF1ドライバーズチャンピオンは誰？,アルベルト・アスカリ,ジュゼッペ・ファリーナ,アラン・ジョーンズ,グラハム・ヒル,1,1950年のチャンピオンはジュゼッペ・ファリーナです。,all,champion|history,Formula 1公式 Results Archive
gpq_00479,年代別,3,1952年の前年、1951年のF1ドライバーズチャンピオンは誰？,ネルソン・ピケ,ファン・マヌエル・ファンジオ,ルイス・ハミルトン,ジャック・ドゥーハン,1,1951年のチャンピオンはファン・マヌエル・ファンジオです。,all,champion|history,Formula 1公式 Results Archive
gpq_00480,年代別,3,1953年の前年、1952年のF1ドライバーズチャンピオンは誰？,マリオ・アンドレッティ,アルベルト・アスカリ,ルイス・ハミルトン,エステバン・オコン,1,1952年のチャンピオンはアルベルト・アスカリです。,all,champion|history,Formula 1公式 Results Archive
gpq_00481,年代別,3,1954年の前年、1953年のF1ドライバーズチャンピオンは誰？,ミカ・ハッキネン,ジャック・ヴィルヌーヴ,ジム・クラーク,アルベルト・アスカリ,3,1953年のチャンピオンはアルベルト・アスカリです。,all,champion|history,Formula 1公式 Results Archive
gpq_00482,年代別,3,1955年の前年、1954年のF1ドライバーズチャンピオンは誰？,ジョージ・ラッセル,ニコ・ヒュルケンベルグ,ファン・マヌエル・ファンジオ,ジョン・サーティース,2,1954年のチャンピオンはファン・マヌエル・ファンジオです。,all,champion|history,Formula 1公式 Results Archive
gpq_00483,年代別,3,1956年の前年、1955年のF1ドライバーズチャンピオンは誰？,フェルナンド・アロンソ,グラハム・ヒル,マイク・ホーソーン,ファン・マヌエル・ファンジオ,3,1955年のチャンピオンはファン・マヌエル・ファンジオです。,all,champion|history,Formula 1公式 Results Archive
gpq_00484,年代別,3,1957年の前年、1956年のF1ドライバーズチャンピオンは誰？,ルイス・ハミルトン,ファン・マヌエル・ファンジオ,マイク・ホーソーン,シャルル・ルクレール,1,1956年のチャンピオンはファン・マヌエル・ファンジオです。,all,champion|history,Formula 1公式 Results Archive
gpq_00485,年代別,3,1958年の前年、1957年のF1ドライバーズチャンピオンは誰？,ミハエル・シューマッハ,オスカー・ピアストリ,ガブリエル・ボルトレト,ファン・マヌエル・ファンジオ,3,1957年のチャンピオンはファン・マヌエル・ファンジオです。,all,champion|history,Formula 1公式 Results Archive
gpq_00486,年代別,3,1959年の前年、1958年のF1ドライバーズチャンピオンは誰？,マイク・ホーソーン,キミ・ライコネン,アラン・ジョーンズ,アルベルト・アスカリ,0,1958年のチャンピオンはマイク・ホーソーンです。,all,champion|history,Formula 1公式 Results Archive
gpq_00487,年代別,3,1960年の前年、1959年のF1ドライバーズチャンピオンは誰？,ジャック・ブラバム,ロニー・ピーターソン,ランド・ノリス,アラン・ジョーンズ,0,1959年のチャンピオンはジャック・ブラバムです。,all,champion|history,Formula 1公式 Results Archive
gpq_00488,年代別,3,1961年の前年、1960年のF1ドライバーズチャンピオンは誰？,アレクサンダー・アルボン,ジャック・ブラバム,ジェンソン・バトン,エマーソン・フィッティパルディ,1,1960年のチャンピオンはジャック・ブラバムです。,all,champion|history,Formula 1公式 Results Archive
gpq_00489,年代別,3,1962年の前年、1961年のF1ドライバーズチャンピオンは誰？,フィル・ヒル,アラン・プロスト,シャルル・ルクレール,セバスチャン・ベッテル,0,1961年のチャンピオンはフィル・ヒルです。,all,champion|history,Formula 1公式 Results Archive
gpq_00490,年代別,3,1963年の前年、1962年のF1ドライバーズチャンピオンは誰？,ナイジェル・マンセル,キミ・アントネッリ,ジェンソン・バトン,グラハム・ヒル,3,1962年のチャンピオンはグラハム・ヒルです。,all,champion|history,Formula 1公式 Results Archive
gpq_00491,年代別,3,1964年の前年、1963年のF1ドライバーズチャンピオンは誰？,ダニエル・リカルド,ヨッヘン・リント,ジム・クラーク,ケビン・マグヌッセン,2,1963年のチャンピオンはジム・クラークです。,all,champion|history,Formula 1公式 Results Archive
gpq_00492,年代別,3,1965年の前年、1964年のF1ドライバーズチャンピオンは誰？,ジャック・ブラバム,ジョン・サーティース,デイモン・ヒル,ネルソン・ピケ,1,1964年のチャンピオンはジョン・サーティースです。,all,champion|history,Formula 1公式 Results Archive
gpq_00493,年代別,3,1966年の前年、1965年のF1ドライバーズチャンピオンは誰？,ジョディー・シェクター,アラン・ジョーンズ,ランス・ストロール,ジム・クラーク,3,1965年のチャンピオンはジム・クラークです。,all,champion|history,Formula 1公式 Results Archive
gpq_00494,年代別,3,1967年の前年、1966年のF1ドライバーズチャンピオンは誰？,キミ・アントネッリ,ジョン・サーティース,ジュゼッペ・ファリーナ,ジャック・ブラバム,3,1966年のチャンピオンはジャック・ブラバムです。,all,champion|history,Formula 1公式 Results Archive
gpq_00495,年代別,3,1968年の前年、1967年のF1ドライバーズチャンピオンは誰？,ネルソン・ピケ,ローガン・サージェント,デニス・ハルム,ファン・マヌエル・ファンジオ,2,1967年のチャンピオンはデニス・ハルムです。,all,champion|history,Formula 1公式 Results Archive
gpq_00496,年代別,3,1969年の前年、1968年のF1ドライバーズチャンピオンは誰？,マックス・フェルスタッペン,カルロス・サインツ,アルベルト・アスカリ,グラハム・ヒル,3,1968年のチャンピオンはグラハム・ヒルです。,all,champion|history,Formula 1公式 Results Archive
gpq_00497,年代別,3,1970年の前年、1969年のF1ドライバーズチャンピオンは誰？,マイク・ホーソーン,バルテリ・ボッタス,角田裕毅,ジャッキー・スチュワート,3,1969年のチャンピオンはジャッキー・スチュワートです。,all,champion|history,Formula 1公式 Results Archive
gpq_00498,年代別,3,1971年の前年、1970年のF1ドライバーズチャンピオンは誰？,周冠宇,ジョディー・シェクター,ヨッヘン・リント,カルロス・サインツ,2,1970年のチャンピオンはヨッヘン・リントです。,all,champion|history,Formula 1公式 Results Archive
gpq_00499,年代別,3,1972年の前年、1971年のF1ドライバーズチャンピオンは誰？,スターリング・モス,周冠宇,オリバー・ベアマン,ジャッキー・スチュワート,3,1971年のチャンピオンはジャッキー・スチュワートです。,all,champion|history,Formula 1公式 Results Archive
gpq_00500,年代別,3,1973年の前年、1972年のF1ドライバーズチャンピオンは誰？,ネルソン・ピケ,エマーソン・フィッティパルディ,ジョン・サーティース,ニキ・ラウダ,1,1972年のチャンピオンはエマーソン・フィッティパルディです。,all,champion|history,Formula 1公式 Results Archive
